-- phpMyAdmin SQL Dump
-- version 5.2.1
-- https://www.phpmyadmin.net/
--
-- Host: 127.0.0.1
-- Generation Time: May 17, 2024 at 03:32 PM
-- Server version: 10.4.32-MariaDB
-- PHP Version: 8.2.12

SET SQL_MODE = "NO_AUTO_VALUE_ON_ZERO";
START TRANSACTION;
SET time_zone = "+00:00";


/*!40101 SET @OLD_CHARACTER_SET_CLIENT=@@CHARACTER_SET_CLIENT */;
/*!40101 SET @OLD_CHARACTER_SET_RESULTS=@@CHARACTER_SET_RESULTS */;
/*!40101 SET @OLD_COLLATION_CONNECTION=@@COLLATION_CONNECTION */;
/*!40101 SET NAMES utf8mb4 */;

--
-- Database: `webbanhangdientu`
--

-- --------------------------------------------------------

--
-- Table structure for table `banner`
--

CREATE TABLE `banner` (
  `id_banner` int(11) NOT NULL,
  `hinhanh` varchar(255) NOT NULL
) ENGINE=InnoDB DEFAULT CHARSET=utf8mb4 COLLATE=utf8mb4_unicode_ci;

-- --------------------------------------------------------

--
-- Table structure for table `brand`
--

CREATE TABLE `brand` (
  `id` int(11) NOT NULL,
  `name` varchar(255) NOT NULL
) ENGINE=MyISAM DEFAULT CHARSET=utf8mb4 COLLATE=utf8mb4_unicode_ci;

--
-- Dumping data for table `brand`
--

INSERT INTO `brand` (`id`, `name`) VALUES
(1, 'Samsung'),
(2, 'Sony'),
(3, 'TCL');

-- --------------------------------------------------------

--
-- Table structure for table `cart`
--

CREATE TABLE `cart` (
  `id` int(11) NOT NULL,
  `id_user` int(11) NOT NULL,
  `id_sp` int(11) NOT NULL,
  `tensanpham` varchar(500) NOT NULL,
  `hinhanh` varchar(500) NOT NULL,
  `soluongmua` int(11) NOT NULL,
  `dongia` int(11) NOT NULL,
  `status` int(11) NOT NULL,
  `created_at` datetime NOT NULL DEFAULT current_timestamp()
) ENGINE=MyISAM DEFAULT CHARSET=utf8mb4 COLLATE=utf8mb4_unicode_ci;

--
-- Dumping data for table `cart`
--

INSERT INTO `cart` (`id`, `id_user`, `id_sp`, `tensanpham`, `hinhanh`, `soluongmua`, `dongia`, `status`, `created_at`) VALUES
(7, 25, 59, '[Giao hàng miễn phí HCM] Smart TV Samsung 4K Neo QLED QN85B 65 inch QA65QN85BAKXXV', '1715089464samsung4k.jpg', 3, 24900000, 1, '2024-05-08 06:43:06'),
(6, 25, 57, 'Smart OLED TV LG 55 inch 4K OLED55B1PTA - Model NEW 2022', '1715001611vn-50009109-9b832d0e780542b34dd35407f02d84c0 (1).png', 1, 15000000, 1, '2024-05-06 20:20:32'),
(8, 27, 59, '[Giao hàng miễn phí HCM] Smart TV Samsung 4K Neo QLED QN85B 65 inch QA65QN85BAKXXV', '1715089464samsung4k.jpg', 1, 24900000, 1, '2024-05-09 21:11:10'),
(9, 27, 62, 'Combo bộ máy case H61 chiến game, làm văn phòng', '17152615524033808554b04cfeb1870cbf2a748ebb.jfif', 4, 1872000, 1, '2024-05-09 21:11:24'),
(10, 27, 61, 'Full Bộ Máy Tính bàn cực mượt Core i5 Ram 8GB chiến tất cả các game GTA5, PUBG PC-Live stream LOL,Free fire, Photoshop', '1715261367f61070096431598ca0cdbdf0e4922bcc.jfif', 3, 3799000, 1, '2024-05-09 23:03:07'),
(11, 27, 61, 'Full Bộ Máy Tính bàn cực mượt Core i5 Ram 8GB chiến tất cả các game GTA5, PUBG PC-Live stream LOL,Free fire, Photoshop', '1715261367f61070096431598ca0cdbdf0e4922bcc.jfif', 1, 3799000, 1, '2024-05-09 23:14:06'),
(12, 27, 58, 'Tivi Samsung 65 inch Smart TV 4K UA65BU8000KXXV', '171508895532ee933171a99f4b42456da054bcfb33.jpg', 2, 13140000, 1, '2024-05-09 23:14:15'),
(13, 27, 61, 'Full Bộ Máy Tính bàn cực mượt Core i5 Ram 8GB chiến tất cả các game GTA5, PUBG PC-Live stream LOL,Free fire, Photoshop', '1715261367f61070096431598ca0cdbdf0e4922bcc.jfif', 1, 3799000, 0, '2024-05-09 23:26:24'),
(14, 25, 71, 'Máy lạnh Nagakawa Inverter 1.5 HP NIS-C12R2T28 ', '17154172614033808554b04cfeb1870cbf2a748ebb.jfif', 2, 1000000, 1, '2024-05-11 16:10:52'),
(15, 25, 67, 'Quạt điều hòa Sunhouse SHD7727', '17153098533.jpg', 2, 3990000, 1, '2024-05-11 17:41:41'),
(16, 25, 66, 'Quạt điều hòa Sunhouse SHD7727', '17153098303.jpg', 1, 3990000, 1, '2024-05-11 17:42:56'),
(17, 25, 71, 'Máy lạnh Nagakawa Inverter 1.5 HP NIS-C12R2T28 ', '17154172614033808554b04cfeb1870cbf2a748ebb.jfif', 1, 1000000, 1, '2024-05-12 21:14:02'),
(18, 25, 70, 'Máy lạnh Nagakawa Inverter 1.5 HP NIS-C12R2T28 ', '17153108144.jpg', 1, 9990000, 1, '2024-05-12 21:26:44'),
(19, 25, 66, 'Quạt điều hòa Sunhouse SHD7727', '17153098303.jpg', 1, 3990000, 1, '2024-05-12 21:27:09'),
(20, 25, 67, 'Quạt điều hòa Sunhouse SHD7727', '17153098533.jpg', 1, 3990000, 1, '2024-05-12 21:27:20'),
(21, 26, 94, 'Quạt đứng Toshiba 5 cánh F-LSA10(W)VN 50W ', '1715675807treo-asia-vy377990638211452114602827.jpg', 1, 2000000, 1, '2024-05-14 15:38:01'),
(22, 26, 95, 'Quạt đứng Toshiba 5 cánh F-LSA10(W)VN 50W ', '1715675821quat-dung-toshiba-f-lsa10-w-vn-trang-090721-1129020.jpg', 1, 2000000, 1, '2024-05-14 15:38:14'),
(23, 26, 66, 'Quạt điều hòa Sunhouse SHD7727', '17153098303.jpg', 1, 3990000, 1, '2024-05-14 15:38:22'),
(24, 26, 82, 'Máy lạnh TCL Inverter 1.5 HP TAC-13CSD/XAB1I', '1715675116vi-vn-tong-quan-tcl-inverter-15-hp-tac-13csd-xab1i-1.jpg', 1, 7990000, 1, '2024-05-14 15:38:30'),
(25, 26, 90, 'Laptop Acer Aspire Lite 15 51M 55NB i5 1155G7/8GB/512GB/Win11 (NX.KRSSV.001) ', '1715675534acer-aspire-lite-15-51m-55nb-i5-nxkrssv001-2.jpg', 1, 22550000, 0, '2024-05-16 23:35:58'),
(26, 26, 70, 'Máy lạnh Nagakawa Inverter 1.5 HP NIS-C12R2T28 ', '17153108144.jpg', 1, 9990000, 0, '2024-05-16 23:37:13');

-- --------------------------------------------------------

--
-- Table structure for table `category`
--

CREATE TABLE `category` (
  `id_danhmuc` int(11) NOT NULL,
  `tendanhmuc` varchar(255) NOT NULL,
  `hinhanh` varchar(500) DEFAULT NULL,
  `create_date` datetime NOT NULL DEFAULT current_timestamp()
) ENGINE=InnoDB DEFAULT CHARSET=utf8mb4 COLLATE=utf8mb4_unicode_ci;

--
-- Dumping data for table `category`
--

INSERT INTO `category` (`id_danhmuc`, `tendanhmuc`, `hinhanh`, `create_date`) VALUES
(20, 'Tivi', '1714997992android-tivi-xi_main_118_1020.png.webp', '2024-05-06 19:19:52'),
(21, 'Máy tính & Laptop', '1714998110pc-la-gi-nen-mua-pc-hay-laptop-ca-nhan--1.jpg', '2024-05-06 19:21:50'),
(22, 'Điều hòa', '1714998231loai-dieu-hoa-nen-mua.jpg', '2024-05-06 19:23:51'),
(23, 'Quạt điều hòa', '1714998323shopping.webp', '2024-05-06 19:25:23'),
(24, 'Quạt mát', '1714998409shopping (1).webp', '2024-05-06 19:26:49'),
(25, 'Panasonic NN-SN686S Countertop Microwave', '17152782164033808554b04cfeb1870cbf2a748ebb.jfif', '2024-05-10 01:10:16');

-- --------------------------------------------------------

--
-- Table structure for table `gallery`
--

CREATE TABLE `gallery` (
  `id` int(11) NOT NULL,
  `id_product` int(11) NOT NULL,
  `list_image` longtext CHARACTER SET utf8mb4 COLLATE utf8mb4_bin DEFAULT NULL CHECK (json_valid(`list_image`))
) ENGINE=MyISAM DEFAULT CHARSET=utf8mb4 COLLATE=utf8mb4_unicode_ci;

--
-- Dumping data for table `gallery`
--

INSERT INTO `gallery` (`id`, `id_product`, `list_image`) VALUES
(1, 58, '[{\"name\": \"1715103669_06185c981858981ed27529765d82233a.jpg\"}, {\"name\": \"1715103669_vn-1113.jpg\"}, {\"name\": \"1715103669_32ee933171a99f4b42456da054bcfb33.jpg\"}, {\"name\": \"1715103669_06185c981858981ed27529765d82233a.jpg\"}, {\"name\": \"1715103669_3727a27e4a0f5a3e8b9882768ed280ae.jpg\"}, {\"name\": \"1715103669_samsung4k.jpg\"}]');

-- --------------------------------------------------------

--
-- Table structure for table `orders`
--

CREATE TABLE `orders` (
  `id_dh` int(11) NOT NULL,
  `ma_dh` varchar(100) NOT NULL,
  `id_user` int(11) NOT NULL,
  `tong_tien` int(11) NOT NULL,
  `status` int(11) NOT NULL,
  `created_at` datetime NOT NULL DEFAULT current_timestamp()
) ENGINE=MyISAM DEFAULT CHARSET=utf8mb4 COLLATE=utf8mb4_unicode_ci;

--
-- Dumping data for table `orders`
--

INSERT INTO `orders` (`id_dh`, `ma_dh`, `id_user`, `tong_tien`, `status`, `created_at`) VALUES
(6, '289337', 25, 74700000, 3, '2024-05-08 06:43:22'),
(5, '315907', 25, 15000000, 2, '2024-05-06 20:21:02'),
(7, '927792', 27, 32388000, 3, '2024-05-09 21:11:38'),
(8, '417151', 27, 11397000, 3, '2024-05-09 23:03:32'),
(9, '501635', 27, 30079000, 3, '2024-05-09 23:14:23'),
(10, '493564', 25, 2000000, 1, '2024-05-11 16:11:10'),
(11, '734307', 25, 7980000, 3, '2024-05-11 17:41:55'),
(12, '951021', 25, 3990000, 3, '2024-05-11 17:43:02'),
(13, '475169', 25, 1000000, 3, '2024-05-11 21:14:32'),
(14, '555938', 25, 9990000, 3, '2024-05-11 21:26:50'),
(15, '810141', 25, 3990000, 3, '2024-05-11 21:27:12'),
(16, '861311', 25, 3990000, 3, '2024-05-11 21:27:25'),
(17, '404643', 26, 15980000, 3, '2024-05-14 15:38:40');

-- --------------------------------------------------------

--
-- Table structure for table `order_detail`
--

CREATE TABLE `order_detail` (
  `id_order_detail` int(11) NOT NULL,
  `id_sp` int(11) NOT NULL,
  `tensanpham` varchar(500) NOT NULL,
  `hinhanh` varchar(500) NOT NULL,
  `ma_dh` varchar(100) NOT NULL,
  `dongia` int(11) NOT NULL,
  `soluong` int(11) NOT NULL,
  `thanh_tien` int(11) NOT NULL,
  `status` int(11) NOT NULL DEFAULT 0,
  `created_at` datetime NOT NULL DEFAULT current_timestamp()
) ENGINE=MyISAM DEFAULT CHARSET=utf8mb4 COLLATE=utf8mb4_unicode_ci;

--
-- Dumping data for table `order_detail`
--

INSERT INTO `order_detail` (`id_order_detail`, `id_sp`, `tensanpham`, `hinhanh`, `ma_dh`, `dongia`, `soluong`, `thanh_tien`, `status`, `created_at`) VALUES
(10, 59, '[Giao hàng miễn phí HCM] Smart TV Samsung 4K Neo QLED QN85B 65 inch QA65QN85BAKXXV', '1715089464samsung4k.jpg', '289337', 24900000, 3, 74700000, 0, '2024-05-08 06:43:22'),
(9, 57, 'Smart OLED TV LG 55 inch 4K OLED55B1PTA - Model NEW 2022', '1715001611vn-50009109-9b832d0e780542b34dd35407f02d84c0 (1).png', '315907', 15000000, 1, 15000000, 0, '2024-05-06 20:21:02'),
(11, 59, '[Giao hàng miễn phí HCM] Smart TV Samsung 4K Neo QLED QN85B 65 inch QA65QN85BAKXXV', '1715089464samsung4k.jpg', '927792', 24900000, 1, 24900000, 0, '2024-05-09 21:11:38'),
(12, 62, 'Combo bộ máy case H61 chiến game, làm văn phòng', '17152615524033808554b04cfeb1870cbf2a748ebb.jfif', '927792', 1872000, 4, 7488000, 0, '2024-05-09 21:11:38'),
(13, 61, 'Full Bộ Máy Tính bàn cực mượt Core i5 Ram 8GB chiến tất cả các game GTA5, PUBG PC-Live stream LOL,Free fire, Photoshop', '1715261367f61070096431598ca0cdbdf0e4922bcc.jfif', '417151', 3799000, 3, 11397000, 0, '2024-05-09 23:03:32'),
(14, 61, 'Full Bộ Máy Tính bàn cực mượt Core i5 Ram 8GB chiến tất cả các game GTA5, PUBG PC-Live stream LOL,Free fire, Photoshop', '1715261367f61070096431598ca0cdbdf0e4922bcc.jfif', '501635', 3799000, 1, 3799000, 3, '2024-05-09 23:14:23'),
(15, 58, 'Tivi Samsung 65 inch Smart TV 4K UA65BU8000KXXV', '171508895532ee933171a99f4b42456da054bcfb33.jpg', '501635', 13140000, 2, 26280000, 3, '2024-05-09 23:14:23'),
(16, 71, 'Máy lạnh Nagakawa Inverter 1.5 HP NIS-C12R2T28 ', '17154172614033808554b04cfeb1870cbf2a748ebb.jfif', '493564', 1000000, 2, 2000000, 3, '2024-05-11 16:11:10'),
(17, 67, 'Quạt điều hòa Sunhouse SHD7727', '17153098533.jpg', '734307', 3990000, 2, 7980000, 3, '2024-05-11 17:41:55'),
(18, 66, 'Quạt điều hòa Sunhouse SHD7727', '17153098303.jpg', '951021', 3990000, 1, 3990000, 3, '2024-05-11 17:43:02'),
(19, 71, 'Máy lạnh Nagakawa Inverter 1.5 HP NIS-C12R2T28 ', '17154172614033808554b04cfeb1870cbf2a748ebb.jfif', '475169', 1000000, 1, 1000000, 3, '2024-05-12 21:14:32'),
(20, 70, 'Máy lạnh Nagakawa Inverter 1.5 HP NIS-C12R2T28 ', '17153108144.jpg', '555938', 9990000, 1, 9990000, 3, '2024-05-12 21:26:50'),
(21, 66, 'Quạt điều hòa Sunhouse SHD7727', '17153098303.jpg', '810141', 3990000, 1, 3990000, 3, '2024-05-12 21:27:12'),
(22, 67, 'Quạt điều hòa Sunhouse SHD7727', '17153098533.jpg', '861311', 3990000, 1, 3990000, 3, '2024-05-12 21:27:25'),
(23, 94, 'Quạt đứng Toshiba 5 cánh F-LSA10(W)VN 50W ', '1715675807treo-asia-vy377990638211452114602827.jpg', '404643', 2000000, 1, 2000000, 3, '2024-05-14 15:38:40'),
(24, 95, 'Quạt đứng Toshiba 5 cánh F-LSA10(W)VN 50W ', '1715675821quat-dung-toshiba-f-lsa10-w-vn-trang-090721-1129020.jpg', '404643', 2000000, 1, 2000000, 3, '2024-05-14 15:38:40'),
(25, 66, 'Quạt điều hòa Sunhouse SHD7727', '17153098303.jpg', '404643', 3990000, 1, 3990000, 3, '2024-05-14 15:38:40'),
(26, 82, 'Máy lạnh TCL Inverter 1.5 HP TAC-13CSD/XAB1I', '1715675116vi-vn-tong-quan-tcl-inverter-15-hp-tac-13csd-xab1i-1.jpg', '404643', 7990000, 1, 7990000, 3, '2024-05-14 15:38:40');

-- --------------------------------------------------------

--
-- Table structure for table `origin`
--

CREATE TABLE `origin` (
  `id` int(11) NOT NULL,
  `name` varchar(255) NOT NULL
) ENGINE=MyISAM DEFAULT CHARSET=utf8mb4 COLLATE=utf8mb4_unicode_ci;

--
-- Dumping data for table `origin`
--

INSERT INTO `origin` (`id`, `name`) VALUES
(1, 'Việt Nam'),
(2, 'Trung Quốc'),
(3, 'Nhật Bản'),
(4, 'Thái Lan'),
(5, 'Hàn Quốc'),
(6, 'Mỹ'),
(7, 'Đức');

-- --------------------------------------------------------

--
-- Table structure for table `product`
--

CREATE TABLE `product` (
  `id_sp` int(11) NOT NULL,
  `ma_sp` varchar(100) NOT NULL,
  `tensanpham` varchar(255) NOT NULL,
  `giasp` int(50) NOT NULL,
  `soluong` int(11) NOT NULL,
  `hinhanh` varchar(500) NOT NULL,
  `mota` longtext NOT NULL,
  `noidung` longtext NOT NULL,
  `tinhtrang` int(11) NOT NULL,
  `create_date` datetime NOT NULL DEFAULT current_timestamp(),
  `id_danhmuc` int(11) NOT NULL,
  `id_brand` int(11) NOT NULL,
  `bao_hanh` int(11) NOT NULL,
  `id_origin` int(11) NOT NULL
) ENGINE=InnoDB DEFAULT CHARSET=utf8mb4 COLLATE=utf8mb4_unicode_ci;

--
-- Dumping data for table `product`
--

INSERT INTO `product` (`id_sp`, `ma_sp`, `tensanpham`, `giasp`, `soluong`, `hinhanh`, `mota`, `noidung`, `tinhtrang`, `create_date`, `id_danhmuc`, `id_brand`, `bao_hanh`, `id_origin`) VALUES
(63, '982507869', 'Smart Tivi QLED 4K 55 inch Samsung QA55Q70C ', 17000000, 2, '17153085492.jpg', '', '', 1, '2024-05-10 09:35:49', 20, 2, 3, 3),
(65, '1733761446', 'Quạt điều hòa Sunhouse SHD7727', 3990000, 1, '17153097943.jpg', '<p>C&ocirc;ng suất 150W l&agrave;m m&aacute;t nhanh tr&ecirc;n diện t&iacute;ch ph&ograve;ng 25 - 30m2, th&iacute;ch hợp cho kh&ocirc;ng gian ph&ograve;ng kh&aacute;ch, ph&ograve;ng ăn, qu&aacute;n ăn,...<br />\r\nĐộng cơ ch&iacute;nh quấn bằng d&acirc;y đồng, động cơ bơm nước quấn bằng d&acirc;y nh&ocirc;m, hoạt động &ecirc;m &aacute;i, bền bỉ. B&ecirc;n cạnh đ&oacute; chức năng tạo ion &acirc;m gi&uacute;p thanh lọc kh&ocirc;ng kh&iacute; mang lại kh&ocirc;ng gian trong l&agrave;nh v&agrave; tươi mới.</p>\r\n', '<h3>C&ocirc;ng suất 150W l&agrave;m m&aacute;t nhanh tr&ecirc;n&nbsp;diện t&iacute;ch ph&ograve;ng 25 - 30m<sup>2</sup>,&nbsp;th&iacute;ch hợp cho kh&ocirc;ng gian ph&ograve;ng kh&aacute;ch, ph&ograve;ng ăn, qu&aacute;n ăn,...</h3>\r\n\r\n<p>Động cơ ch&iacute;nh quấn bằng d&acirc;y đồng, động cơ bơm nước quấn bằng d&acirc;y nh&ocirc;m, hoạt động &ecirc;m &aacute;i, bền bỉ. B&ecirc;n cạnh đ&oacute; chức năng tạo ion &acirc;m gi&uacute;p thanh lọc kh&ocirc;ng kh&iacute; mang lại kh&ocirc;ng gian trong l&agrave;nh v&agrave; tươi mới.</p>\r\n', 1, '2024-05-10 09:56:34', 23, 1, 2, 1),
(66, '1410615661', 'Quạt điều hòa Sunhouse SHD7727', 3990000, 1, '17153098303.jpg', '<h3>C&ocirc;ng suất 150W l&agrave;m m&aacute;t nhanh tr&ecirc;n&nbsp;diện t&iacute;ch ph&ograve;ng 25 - 30m<sup>2</sup>,&nbsp;th&iacute;ch hợp cho kh&ocirc;ng gian ph&ograve;ng kh&aacute;ch, ph&ograve;ng ăn, qu&aacute;n ăn,...</h3>\r\n\r\n<p>Động cơ ch&iacute;nh quấn bằng d&acirc;y đồng, động cơ bơm nước quấn bằng d&acirc;y nh&ocirc;m, hoạt động &ecirc;m &aacute;i, bền bỉ. B&ecirc;n cạnh đ&oacute; chức năng tạo ion &acirc;m gi&uacute;p thanh lọc kh&ocirc;ng kh&iacute; mang lại kh&ocirc;ng gian trong l&agrave;nh v&agrave; tươi mới.</p>\r\n', '<h3>C&ocirc;ng suất 150W l&agrave;m m&aacute;t nhanh tr&ecirc;n&nbsp;diện t&iacute;ch ph&ograve;ng 25 - 30m<sup>2</sup>,&nbsp;th&iacute;ch hợp cho kh&ocirc;ng gian ph&ograve;ng kh&aacute;ch, ph&ograve;ng ăn, qu&aacute;n ăn,...</h3>\r\n\r\n<p>Động cơ ch&iacute;nh quấn bằng d&acirc;y đồng, động cơ bơm nước quấn bằng d&acirc;y nh&ocirc;m, hoạt động &ecirc;m &aacute;i, bền bỉ. B&ecirc;n cạnh đ&oacute; chức năng tạo ion &acirc;m gi&uacute;p thanh lọc kh&ocirc;ng kh&iacute; mang lại kh&ocirc;ng gian trong l&agrave;nh v&agrave; tươi mới.</p>\r\n', 1, '2024-05-10 09:57:10', 23, 3, 2, 1),
(67, '1624974326', 'Quạt điều hòa Sunhouse SHD7727', 3990000, 1, '17153098533.jpg', '<h3>C&ocirc;ng suất 150W l&agrave;m m&aacute;t nhanh tr&ecirc;n&nbsp;diện t&iacute;ch ph&ograve;ng 25 - 30m<sup>2</sup>,&nbsp;th&iacute;ch hợp cho kh&ocirc;ng gian ph&ograve;ng kh&aacute;ch, ph&ograve;ng ăn, qu&aacute;n ăn,...</h3>\r\n\r\n<p>Động cơ ch&iacute;nh quấn bằng d&acirc;y đồng, động cơ bơm nước quấn bằng d&acirc;y nh&ocirc;m, hoạt động &ecirc;m &aacute;i, bền bỉ. B&ecirc;n cạnh đ&oacute; chức năng tạo ion &acirc;m gi&uacute;p thanh lọc kh&ocirc;ng kh&iacute; mang lại kh&ocirc;ng gian trong l&agrave;nh v&agrave; tươi mới.</p>\r\n', '<h3>C&ocirc;ng suất 150W l&agrave;m m&aacute;t nhanh tr&ecirc;n&nbsp;diện t&iacute;ch ph&ograve;ng 25 - 30m<sup>2</sup>,&nbsp;th&iacute;ch hợp cho kh&ocirc;ng gian ph&ograve;ng kh&aacute;ch, ph&ograve;ng ăn, qu&aacute;n ăn,...</h3>\r\n\r\n<p>Động cơ ch&iacute;nh quấn bằng d&acirc;y đồng, động cơ bơm nước quấn bằng d&acirc;y nh&ocirc;m, hoạt động &ecirc;m &aacute;i, bền bỉ. B&ecirc;n cạnh đ&oacute; chức năng tạo ion &acirc;m gi&uacute;p thanh lọc kh&ocirc;ng kh&iacute; mang lại kh&ocirc;ng gian trong l&agrave;nh v&agrave; tươi mới.</p>\r\n', 1, '2024-05-10 09:57:33', 23, 1, 2, 1),
(68, '292406058', 'Quạt điều hòa Sunhouse SHD7727', 3990000, 1, '17153098753.jpg', '<h3>C&ocirc;ng suất 150W l&agrave;m m&aacute;t nhanh tr&ecirc;n&nbsp;diện t&iacute;ch ph&ograve;ng 25 - 30m<sup>2</sup>,&nbsp;th&iacute;ch hợp cho kh&ocirc;ng gian ph&ograve;ng kh&aacute;ch, ph&ograve;ng ăn, qu&aacute;n ăn,...</h3>\r\n\r\n<p>Động cơ ch&iacute;nh quấn bằng d&acirc;y đồng, động cơ bơm nước quấn bằng d&acirc;y nh&ocirc;m, hoạt động &ecirc;m &aacute;i, bền bỉ. B&ecirc;n cạnh đ&oacute; chức năng tạo ion &acirc;m gi&uacute;p thanh lọc kh&ocirc;ng kh&iacute; mang lại kh&ocirc;ng gian trong l&agrave;nh v&agrave; tươi mới.</p>\r\n', '<h3>C&ocirc;ng suất 150W l&agrave;m m&aacute;t nhanh tr&ecirc;n&nbsp;diện t&iacute;ch ph&ograve;ng 25 - 30m<sup>2</sup>,&nbsp;th&iacute;ch hợp cho kh&ocirc;ng gian ph&ograve;ng kh&aacute;ch, ph&ograve;ng ăn, qu&aacute;n ăn,...</h3>\r\n\r\n<p>Động cơ ch&iacute;nh quấn bằng d&acirc;y đồng, động cơ bơm nước quấn bằng d&acirc;y nh&ocirc;m, hoạt động &ecirc;m &aacute;i, bền bỉ. B&ecirc;n cạnh đ&oacute; chức năng tạo ion &acirc;m gi&uacute;p thanh lọc kh&ocirc;ng kh&iacute; mang lại kh&ocirc;ng gian trong l&agrave;nh v&agrave; tươi mới.</p>\r\n', 1, '2024-05-10 09:57:55', 23, 1, 2, 1),
(69, '96604860', 'Smart Tivi QLED 4K 55 inch Samsung QA55Q70C ', 9990000, 1, '17153099372.jpg', '<p>Smart Tivi QLED 4K 55 inch Samsung QA55Q70C chinh phục người d&ugrave;ng với thiết kế tinh giản, m&agrave;n h&igrave;nh 55 inch độ ph&acirc;n giải 4K sắc n&eacute;t, được trang bị đa dạng c&aacute;c c&ocirc;​ng nghệ xử l&yacute; h&igrave;nh ảnh, &acirc;m thanh c&ugrave;ng c&aacute;c tiện &iacute;ch th&ocirc;ng minh sẽ mang đến cho bạn những ph&uacute;t gi&acirc;y giải tr&iacute; tuyệt vời.</p>\r\n', '<p>Smart Tivi QLED 4K 55 inch Samsung QA55Q70C chinh phục người d&ugrave;ng với thiết kế tinh giản, m&agrave;n h&igrave;nh 55 inch độ ph&acirc;n giải 4K sắc n&eacute;t, được trang bị đa dạng c&aacute;c c&ocirc;​ng nghệ xử l&yacute; h&igrave;nh ảnh, &acirc;m thanh c&ugrave;ng c&aacute;c tiện &iacute;ch th&ocirc;ng minh sẽ mang đến cho bạn những ph&uacute;t gi&acirc;y giải tr&iacute; tuyệt vời.</p>\r\n', 1, '2024-05-10 09:58:57', 20, 1, 2, 3),
(70, '1076697548', 'Máy lạnh Nagakawa Inverter 1.5 HP NIS-C12R2T28 ', 9990000, 1, '17153108144.jpg', '<p>M&aacute;y lạnh Nagakawa Inverter 1.5 HP NIS-C12R2T28 thuộc d&ograve;ng m&aacute;y lạnh 1 chiều (chỉ l&agrave;m lạnh), thiết kế hiện đại, kiểu d&aacute;ng gọn đẹp, trang bị c&ocirc;ng nghệ Economy v&agrave; Inverter tiết kiệm điện, khả năng lọc bụi kh&aacute;ng khuẩn v&agrave; khử m&ugrave;i tốt với m&agrave;ng lọc 6 trong 1.</p>\r\n\r\n<p>Tổng quan thiết kế<br />\r\nD&agrave;n lạnh</p>\r\n\r\n<p>- M&aacute;y lạnh Nagakawa sở hữu gam m&agrave;u trắng sang trọng, tinh tế, ph&ugrave; hợp với hầu hết kh&ocirc;ng gian nội thất trong gia đ&igrave;nh.</p>\r\n\r\n<p>D&agrave;n n&oacute;ng</p>\r\n\r\n<p>- D&agrave;n tản nhiệt ống đồng nguy&ecirc;n chất r&atilde;nh xoắn Golden Fin: khả năng chống ăn m&ograve;n tốt, bảo vệ bề mặt d&agrave;n tản nhiệt, đặc biệt ph&ugrave; hợp với những khu vực gần biển.&nbsp;</p>\r\n\r\n<p>M&aacute;y lạnh Nagakawa Inverter 1.5 HP NIS-C12R2T28 - Thiết kế</p>\r\n', '<p>M&aacute;y lạnh Nagakawa Inverter 1.5 HP NIS-C12R2T28 thuộc d&ograve;ng m&aacute;y lạnh 1 chiều (chỉ l&agrave;m lạnh), thiết kế hiện đại, kiểu d&aacute;ng gọn đẹp, trang bị c&ocirc;ng nghệ Economy v&agrave; Inverter tiết kiệm điện, khả năng lọc bụi kh&aacute;ng khuẩn v&agrave; khử m&ugrave;i tốt với m&agrave;ng lọc 6 trong 1.</p>\r\n\r\n<p>Tổng quan thiết kế<br />\r\nD&agrave;n lạnh</p>\r\n\r\n<p>- M&aacute;y lạnh Nagakawa sở hữu gam m&agrave;u trắng sang trọng, tinh tế, ph&ugrave; hợp với hầu hết kh&ocirc;ng gian nội thất trong gia đ&igrave;nh.</p>\r\n\r\n<p>D&agrave;n n&oacute;ng</p>\r\n\r\n<p>- D&agrave;n tản nhiệt ống đồng nguy&ecirc;n chất r&atilde;nh xoắn Golden Fin: khả năng chống ăn m&ograve;n tốt, bảo vệ bề mặt d&agrave;n tản nhiệt, đặc biệt ph&ugrave; hợp với những khu vực gần biển.&nbsp;</p>\r\n\r\n<p>M&aacute;y lạnh Nagakawa Inverter 1.5 HP NIS-C12R2T28 - Thiết kế</p>\r\n', 1, '2024-05-10 10:13:34', 25, 3, 2, 7),
(72, '1284349902', 'Máy lạnh Nagakawa Inverter 1.5 HP NIS-C12R2T28 ', 9500000, 3, '17154172174.jpg', '<p>M&aacute;y lạnh Nagakawa Inverter 1.5 HP NIS-C12R2T28 thuộc d&ograve;ng m&aacute;y lạnh 1 chiều (chỉ l&agrave;m lạnh), thiết kế hiện đại, kiểu d&aacute;ng gọn đẹp, trang bị c&ocirc;ng nghệ Economy v&agrave; Inverter tiết kiệm điện, khả năng lọc bụi kh&aacute;ng khuẩn v&agrave; khử m&ugrave;i tốt với m&agrave;ng lọc 6 trong 1.</p>\r\n\r\n<p>Tổng quan thiết kế<br />\r\nD&agrave;n lạnh</p>\r\n\r\n<p>- M&aacute;y lạnh Nagakawa sở hữu gam m&agrave;u trắng sang trọng, tinh tế, ph&ugrave; hợp với hầu hết kh&ocirc;ng gian nội thất trong gia đ&igrave;nh.</p>\r\n\r\n<p>D&agrave;n n&oacute;ng</p>\r\n\r\n<p>- D&agrave;n tản nhiệt ống đồng nguy&ecirc;n chất r&atilde;nh xoắn Golden Fin: khả năng chống ăn m&ograve;n tốt, bảo vệ bề mặt d&agrave;n tản nhiệt, đặc biệt ph&ugrave; hợp với những khu vực gần biển.&nbsp;</p>\r\n\r\n<p>M&aacute;y lạnh Nagakawa Inverter 1.5 HP NIS-C12R2T28 - Thiết kế</p>\r\n', '<p>M&aacute;y lạnh Nagakawa Inverter 1.5 HP NIS-C12R2T28 thuộc d&ograve;ng m&aacute;y lạnh 1 chiều (chỉ l&agrave;m lạnh), thiết kế hiện đại, kiểu d&aacute;ng gọn đẹp, trang bị c&ocirc;ng nghệ Economy v&agrave; Inverter tiết kiệm điện, khả năng lọc bụi kh&aacute;ng khuẩn v&agrave; khử m&ugrave;i tốt với m&agrave;ng lọc 6 trong 1.</p>\r\n\r\n<p>Tổng quan thiết kế<br />\r\nD&agrave;n lạnh</p>\r\n\r\n<p>- M&aacute;y lạnh Nagakawa sở hữu gam m&agrave;u trắng sang trọng, tinh tế, ph&ugrave; hợp với hầu hết kh&ocirc;ng gian nội thất trong gia đ&igrave;nh.</p>\r\n\r\n<p>D&agrave;n n&oacute;ng</p>\r\n\r\n<p>- D&agrave;n tản nhiệt ống đồng nguy&ecirc;n chất r&atilde;nh xoắn Golden Fin: khả năng chống ăn m&ograve;n tốt, bảo vệ bề mặt d&agrave;n tản nhiệt, đặc biệt ph&ugrave; hợp với những khu vực gần biển.&nbsp;</p>\r\n\r\n<p>M&aacute;y lạnh Nagakawa Inverter 1.5 HP NIS-C12R2T28 - Thiết kế</p>\r\n', 0, '2024-05-10 10:14:04', 25, 3, 2, 7),
(80, '138070778', 'Máy lạnh Nagakawa Inverter 1 HP NIS-C09R2T28 ', 5999000, 2, '1715674933điều hòa.jpg', '<h3><a href=\"https://www.dienmayxanh.com/kinh-nghiem-hay/danh-gia-chi-tiet-may-lanh-nagakawa-inverter-1-hp-1537694\" target=\"_blank\" title=\"Đánh giá chi tiết máy lạnh Nagakawa Inverter 1 HP NIS-C09R2T28\">Đ&aacute;nh gi&aacute; chi tiết m&aacute;y lạnh Nagakawa Inverter 1 HP NIS-C09R2T28</a></h3>\r\n\r\n<p><em><strong><a href=\"https://www.dienmayxanh.com/may-lanh/nagakawa-inverter-1-hp-nis-c09r2t28\" target=\"_blank\" title=\"Xem thêm Máy lạnh Nagakawa Inverter 1 HP NIS-C09R2T28\">M&aacute;y lạnh Nagakawa Inverter 1 HP NIS-C09R2T28</a>&nbsp;c&oacute; khả năng l&agrave;m lạnh nhanh nhưng vẫn đảm bảo được hiệu quả tiết kiệm điện. Hơn nữa, mẫu m&aacute;y lạnh n&agrave;y c&ograve;n c&oacute; thể h&uacute;t ẩm độc lập, gi&uacute;p căn ph&ograve;ng trở n&ecirc;n kh&ocirc; tho&aacute;ng cho những ng&agrave;y trời ẩm ướt.</strong></em></p>\r\n\r\n<h3>Thiết kế</h3>\r\n\r\n<p><strong>D&agrave;n lạnh:</strong></p>\r\n\r\n<p>Được thiết kế&nbsp;<strong>h&igrave;nh chữ nhật nằm ngang&nbsp;</strong>quen thuộc với chất liệu vỏ nhựa cao cấp v&agrave; sở hữu gam&nbsp;<strong>m&agrave;u trắng tinh tế</strong>.</p>\r\n\r\n<p><strong>D&agrave;n n&oacute;ng:</strong></p>\r\n\r\n<p>- Được thiết kế&nbsp;<strong>h&igrave;nh hộp chữ nhật&nbsp;</strong>với chất liệu vỏ nhựa bền bỉ.</p>\r\n\r\n<p>- Chất liệu&nbsp;<strong>d&agrave;n tản nhiệt được l&agrave;m bằng đồng nguy&ecirc;n chất</strong>&nbsp;với kiểu&nbsp;<strong>thiết kế h&igrave;nh r&atilde;nh xoắn</strong>, đồng thời c&ograve;n được&nbsp;<strong>phủ lớp Golden Fin m&agrave;u v&agrave;ng</strong>&nbsp;c&oacute; khả năng chống ăn m&ograve;n tốt, gi&uacute;p tăng độ bền cho m&aacute;y trong suốt thời gian hoạt động.</p>\r\n\r\n<p>- Cả d&agrave;n lạnh v&agrave; d&agrave;n n&oacute;ng của&nbsp;<a href=\"https://www.dienmayxanh.com/may-lanh-nagakawa\" target=\"_blank\" title=\"xem thêm máy lạnh Nagakawa\" type=\"xem thêm máy lạnh Nagakawa\">m&aacute;y lạnh Nagakawa</a>&nbsp;đều&nbsp;<strong>sử dụng ống dẫn gas được l&agrave;m bằng đồng</strong>, cho khả năng l&agrave;m lạnh nhanh v&agrave; s&acirc;u.</p>\r\n\r\n<p>- M&aacute;y lạnh&nbsp;<strong>sử dụng gas R32</strong>&nbsp;th&acirc;n thiện với m&ocirc;i trường v&agrave; mang lại hiệu quả l&agrave;m m&aacute;t tối ưu.</p>\r\n\r\n<p>&nbsp;</p>\r\n', '<h3><a href=\"https://www.dienmayxanh.com/kinh-nghiem-hay/danh-gia-chi-tiet-may-lanh-nagakawa-inverter-1-hp-1537694\" target=\"_blank\" title=\"Đánh giá chi tiết máy lạnh Nagakawa Inverter 1 HP NIS-C09R2T28\">Đ&aacute;nh gi&aacute; chi tiết m&aacute;y lạnh Nagakawa Inverter 1 HP NIS-C09R2T28</a></h3>\r\n\r\n<p><em><strong><a href=\"https://www.dienmayxanh.com/may-lanh/nagakawa-inverter-1-hp-nis-c09r2t28\" target=\"_blank\" title=\"Xem thêm Máy lạnh Nagakawa Inverter 1 HP NIS-C09R2T28\">M&aacute;y lạnh Nagakawa Inverter 1 HP NIS-C09R2T28</a>&nbsp;c&oacute; khả năng l&agrave;m lạnh nhanh nhưng vẫn đảm bảo được hiệu quả tiết kiệm điện. Hơn nữa, mẫu m&aacute;y lạnh n&agrave;y c&ograve;n c&oacute; thể h&uacute;t ẩm độc lập, gi&uacute;p căn ph&ograve;ng trở n&ecirc;n kh&ocirc; tho&aacute;ng cho những ng&agrave;y trời ẩm ướt.</strong></em></p>\r\n\r\n<h3>Thiết kế</h3>\r\n\r\n<p><strong>D&agrave;n lạnh:</strong></p>\r\n\r\n<p>Được thiết kế&nbsp;<strong>h&igrave;nh chữ nhật nằm ngang&nbsp;</strong>quen thuộc với chất liệu vỏ nhựa cao cấp v&agrave; sở hữu gam&nbsp;<strong>m&agrave;u trắng tinh tế</strong>.</p>\r\n\r\n<p><strong>D&agrave;n n&oacute;ng:</strong></p>\r\n\r\n<p>- Được thiết kế&nbsp;<strong>h&igrave;nh hộp chữ nhật&nbsp;</strong>với chất liệu vỏ nhựa bền bỉ.</p>\r\n\r\n<p>- Chất liệu&nbsp;<strong>d&agrave;n tản nhiệt được l&agrave;m bằng đồng nguy&ecirc;n chất</strong>&nbsp;với kiểu&nbsp;<strong>thiết kế h&igrave;nh r&atilde;nh xoắn</strong>, đồng thời c&ograve;n được&nbsp;<strong>phủ lớp Golden Fin m&agrave;u v&agrave;ng</strong>&nbsp;c&oacute; khả năng chống ăn m&ograve;n tốt, gi&uacute;p tăng độ bền cho m&aacute;y trong suốt thời gian hoạt động.</p>\r\n\r\n<p>- Cả d&agrave;n lạnh v&agrave; d&agrave;n n&oacute;ng của&nbsp;<a href=\"https://www.dienmayxanh.com/may-lanh-nagakawa\" target=\"_blank\" title=\"xem thêm máy lạnh Nagakawa\" type=\"xem thêm máy lạnh Nagakawa\">m&aacute;y lạnh Nagakawa</a>&nbsp;đều&nbsp;<strong>sử dụng ống dẫn gas được l&agrave;m bằng đồng</strong>, cho khả năng l&agrave;m lạnh nhanh v&agrave; s&acirc;u.</p>\r\n\r\n<p>- M&aacute;y lạnh&nbsp;<strong>sử dụng gas R32</strong>&nbsp;th&acirc;n thiện với m&ocirc;i trường v&agrave; mang lại hiệu quả l&agrave;m m&aacute;t tối ưu.</p>\r\n\r\n<p>&nbsp;</p>\r\n', 1, '2024-05-14 15:22:13', 22, 3, 2, 3),
(81, '368195040', 'Máy lạnh Nagakawa Inverter 1 HP NIS-C09R2T28 ', 5999000, 2, '1715674967điều hòa.jpg', '<h3><a href=\"https://www.dienmayxanh.com/kinh-nghiem-hay/danh-gia-chi-tiet-may-lanh-nagakawa-inverter-1-hp-1537694\" target=\"_blank\" title=\"Đánh giá chi tiết máy lạnh Nagakawa Inverter 1 HP NIS-C09R2T28\">Đ&aacute;nh gi&aacute; chi tiết m&aacute;y lạnh Nagakawa Inverter 1 HP NIS-C09R2T28</a></h3>\r\n\r\n<p><em><strong><a href=\"https://www.dienmayxanh.com/may-lanh/nagakawa-inverter-1-hp-nis-c09r2t28\" target=\"_blank\" title=\"Xem thêm Máy lạnh Nagakawa Inverter 1 HP NIS-C09R2T28\">M&aacute;y lạnh Nagakawa Inverter 1 HP NIS-C09R2T28</a>&nbsp;c&oacute; khả năng l&agrave;m lạnh nhanh nhưng vẫn đảm bảo được hiệu quả tiết kiệm điện. Hơn nữa, mẫu m&aacute;y lạnh n&agrave;y c&ograve;n c&oacute; thể h&uacute;t ẩm độc lập, gi&uacute;p căn ph&ograve;ng trở n&ecirc;n kh&ocirc; tho&aacute;ng cho những ng&agrave;y trời ẩm ướt.</strong></em></p>\r\n\r\n<h3>Thiết kế</h3>\r\n\r\n<p><strong>D&agrave;n lạnh:</strong></p>\r\n\r\n<p>Được thiết kế&nbsp;<strong>h&igrave;nh chữ nhật nằm ngang&nbsp;</strong>quen thuộc với chất liệu vỏ nhựa cao cấp v&agrave; sở hữu gam&nbsp;<strong>m&agrave;u trắng tinh tế</strong>.</p>\r\n\r\n<p><strong>D&agrave;n n&oacute;ng:</strong></p>\r\n\r\n<p>- Được thiết kế&nbsp;<strong>h&igrave;nh hộp chữ nhật&nbsp;</strong>với chất liệu vỏ nhựa bền bỉ.</p>\r\n\r\n<p>- Chất liệu&nbsp;<strong>d&agrave;n tản nhiệt được l&agrave;m bằng đồng nguy&ecirc;n chất</strong>&nbsp;với kiểu&nbsp;<strong>thiết kế h&igrave;nh r&atilde;nh xoắn</strong>, đồng thời c&ograve;n được&nbsp;<strong>phủ lớp Golden Fin m&agrave;u v&agrave;ng</strong>&nbsp;c&oacute; khả năng chống ăn m&ograve;n tốt, gi&uacute;p tăng độ bền cho m&aacute;y trong suốt thời gian hoạt động.</p>\r\n\r\n<p>- Cả d&agrave;n lạnh v&agrave; d&agrave;n n&oacute;ng của&nbsp;<a href=\"https://www.dienmayxanh.com/may-lanh-nagakawa\" target=\"_blank\" title=\"xem thêm máy lạnh Nagakawa\" type=\"xem thêm máy lạnh Nagakawa\">m&aacute;y lạnh Nagakawa</a>&nbsp;đều&nbsp;<strong>sử dụng ống dẫn gas được l&agrave;m bằng đồng</strong>, cho khả năng l&agrave;m lạnh nhanh v&agrave; s&acirc;u.</p>\r\n\r\n<p>- M&aacute;y lạnh&nbsp;<strong>sử dụng gas R32</strong>&nbsp;th&acirc;n thiện với m&ocirc;i trường v&agrave; mang lại hiệu quả l&agrave;m m&aacute;t tối ưu.</p>\r\n', '<h3><a href=\"https://www.dienmayxanh.com/kinh-nghiem-hay/danh-gia-chi-tiet-may-lanh-nagakawa-inverter-1-hp-1537694\" target=\"_blank\" title=\"Đánh giá chi tiết máy lạnh Nagakawa Inverter 1 HP NIS-C09R2T28\">Đ&aacute;nh gi&aacute; chi tiết m&aacute;y lạnh Nagakawa Inverter 1 HP NIS-C09R2T28</a></h3>\r\n\r\n<p><em><strong><a href=\"https://www.dienmayxanh.com/may-lanh/nagakawa-inverter-1-hp-nis-c09r2t28\" target=\"_blank\" title=\"Xem thêm Máy lạnh Nagakawa Inverter 1 HP NIS-C09R2T28\">M&aacute;y lạnh Nagakawa Inverter 1 HP NIS-C09R2T28</a>&nbsp;c&oacute; khả năng l&agrave;m lạnh nhanh nhưng vẫn đảm bảo được hiệu quả tiết kiệm điện. Hơn nữa, mẫu m&aacute;y lạnh n&agrave;y c&ograve;n c&oacute; thể h&uacute;t ẩm độc lập, gi&uacute;p căn ph&ograve;ng trở n&ecirc;n kh&ocirc; tho&aacute;ng cho những ng&agrave;y trời ẩm ướt.</strong></em></p>\r\n\r\n<h3>Thiết kế</h3>\r\n\r\n<p><strong>D&agrave;n lạnh:</strong></p>\r\n\r\n<p>Được thiết kế&nbsp;<strong>h&igrave;nh chữ nhật nằm ngang&nbsp;</strong>quen thuộc với chất liệu vỏ nhựa cao cấp v&agrave; sở hữu gam&nbsp;<strong>m&agrave;u trắng tinh tế</strong>.</p>\r\n\r\n<p><strong>D&agrave;n n&oacute;ng:</strong></p>\r\n\r\n<p>- Được thiết kế&nbsp;<strong>h&igrave;nh hộp chữ nhật&nbsp;</strong>với chất liệu vỏ nhựa bền bỉ.</p>\r\n\r\n<p>- Chất liệu&nbsp;<strong>d&agrave;n tản nhiệt được l&agrave;m bằng đồng nguy&ecirc;n chất</strong>&nbsp;với kiểu&nbsp;<strong>thiết kế h&igrave;nh r&atilde;nh xoắn</strong>, đồng thời c&ograve;n được&nbsp;<strong>phủ lớp Golden Fin m&agrave;u v&agrave;ng</strong>&nbsp;c&oacute; khả năng chống ăn m&ograve;n tốt, gi&uacute;p tăng độ bền cho m&aacute;y trong suốt thời gian hoạt động.</p>\r\n\r\n<p>- Cả d&agrave;n lạnh v&agrave; d&agrave;n n&oacute;ng của&nbsp;<a href=\"https://www.dienmayxanh.com/may-lanh-nagakawa\" target=\"_blank\" title=\"xem thêm máy lạnh Nagakawa\" type=\"xem thêm máy lạnh Nagakawa\">m&aacute;y lạnh Nagakawa</a>&nbsp;đều&nbsp;<strong>sử dụng ống dẫn gas được l&agrave;m bằng đồng</strong>, cho khả năng l&agrave;m lạnh nhanh v&agrave; s&acirc;u.</p>\r\n\r\n<p>- M&aacute;y lạnh&nbsp;<strong>sử dụng gas R32</strong>&nbsp;th&acirc;n thiện với m&ocirc;i trường v&agrave; mang lại hiệu quả l&agrave;m m&aacute;t tối ưu.</p>\r\n', 1, '2024-05-14 15:22:47', 25, 3, 2, 7),
(82, '884649914', 'Máy lạnh TCL Inverter 1.5 HP TAC-13CSD/XAB1I', 7990000, 1, '1715675116vi-vn-tong-quan-tcl-inverter-15-hp-tac-13csd-xab1i-1.jpg', '<h3>C&ocirc;ng nghệ tiết kiệm điện</h3>\r\n\r\n<p>- C&ocirc;ng nghệ tiết kiệm điện&nbsp;<strong>AI Inverter</strong>&nbsp;tr&ecirc;n&nbsp;<a href=\"https://www.dienmayxanh.com/may-lanh?g=may-lanh-inverter\" title=\"Xem thêm các mẫu máy lạnh Inverter chính hãng tại Điện Máy Xanh\" type=\"Xem thêm các mẫu máy lạnh Inverter chính hãng tại Điện Máy Xanh\">m&aacute;y lạnh Inverter</a>&nbsp;TCL n&agrave;y gi&uacute;p tiết kiệm điện năng ti&ecirc;u thụ, hoạt động &ecirc;m &aacute;i th&ocirc;ng qua việc cảm biến nhiệt độ ph&ograve;ng v&agrave; giảm c&ocirc;ng suất hoạt động nhưng vẫn giữ lại độ m&aacute;t cho căn ph&ograve;ng của bạn.</p>\r\n\r\n<p>-&nbsp;Chế độ Eco: tăng th&ecirc;m hiệu quả tiết kiệm đến đến 25% nhờ khả năng tự điều chỉnh nhiệt độ tối ưu nhưng vẫn giữ mức l&agrave;m m&aacute;t ph&ugrave; hợp.</p>\r\n\r\n<p>-&nbsp;Đạt chuẩn 5 sao với hiệu suất năng lượng 4.41 c&ugrave;ng lượng điện ti&ecirc;u thụ khoảng 1.13 kW/h.</p>\r\n', '<h3>C&ocirc;ng nghệ tiết kiệm điện</h3>\r\n\r\n<p>- C&ocirc;ng nghệ tiết kiệm điện&nbsp;<strong>AI Inverter</strong>&nbsp;tr&ecirc;n&nbsp;<a href=\"https://www.dienmayxanh.com/may-lanh?g=may-lanh-inverter\" title=\"Xem thêm các mẫu máy lạnh Inverter chính hãng tại Điện Máy Xanh\" type=\"Xem thêm các mẫu máy lạnh Inverter chính hãng tại Điện Máy Xanh\">m&aacute;y lạnh Inverter</a>&nbsp;TCL n&agrave;y gi&uacute;p tiết kiệm điện năng ti&ecirc;u thụ, hoạt động &ecirc;m &aacute;i th&ocirc;ng qua việc cảm biến nhiệt độ ph&ograve;ng v&agrave; giảm c&ocirc;ng suất hoạt động nhưng vẫn giữ lại độ m&aacute;t cho căn ph&ograve;ng của bạn.</p>\r\n\r\n<p>-&nbsp;Chế độ Eco: tăng th&ecirc;m hiệu quả tiết kiệm đến đến 25% nhờ khả năng tự điều chỉnh nhiệt độ tối ưu nhưng vẫn giữ mức l&agrave;m m&aacute;t ph&ugrave; hợp.</p>\r\n\r\n<p>-&nbsp;Đạt chuẩn 5 sao với hiệu suất năng lượng 4.41 c&ugrave;ng lượng điện ti&ecirc;u thụ khoảng 1.13 kW/h.</p>\r\n', 1, '2024-05-14 15:25:16', 22, 3, 12, 3),
(83, '1242507481', 'Máy lạnh TCL Inverter 1.5 HP TAC-13CSD/XAB1I', 7990000, 1, '1715675131vi-vn-tong-quan-tcl-inverter-15-hp-tac-13csd-xab1i-1.jpg', '<h3>C&ocirc;ng nghệ tiết kiệm điện</h3>\r\n\r\n<p>- C&ocirc;ng nghệ tiết kiệm điện&nbsp;<strong>AI Inverter</strong>&nbsp;tr&ecirc;n&nbsp;<a href=\"https://www.dienmayxanh.com/may-lanh?g=may-lanh-inverter\" title=\"Xem thêm các mẫu máy lạnh Inverter chính hãng tại Điện Máy Xanh\" type=\"Xem thêm các mẫu máy lạnh Inverter chính hãng tại Điện Máy Xanh\">m&aacute;y lạnh Inverter</a>&nbsp;TCL n&agrave;y gi&uacute;p tiết kiệm điện năng ti&ecirc;u thụ, hoạt động &ecirc;m &aacute;i th&ocirc;ng qua việc cảm biến nhiệt độ ph&ograve;ng v&agrave; giảm c&ocirc;ng suất hoạt động nhưng vẫn giữ lại độ m&aacute;t cho căn ph&ograve;ng của bạn.</p>\r\n\r\n<p>-&nbsp;Chế độ Eco: tăng th&ecirc;m hiệu quả tiết kiệm đến đến 25% nhờ khả năng tự điều chỉnh nhiệt độ tối ưu nhưng vẫn giữ mức l&agrave;m m&aacute;t ph&ugrave; hợp.</p>\r\n\r\n<p>-&nbsp;Đạt chuẩn 5 sao với hiệu suất năng lượng 4.41 c&ugrave;ng lượng điện ti&ecirc;u thụ khoảng 1.13 kW/h.</p>\r\n', '<h3>C&ocirc;ng nghệ tiết kiệm điện</h3>\r\n\r\n<p>- C&ocirc;ng nghệ tiết kiệm điện&nbsp;<strong>AI Inverter</strong>&nbsp;tr&ecirc;n&nbsp;<a href=\"https://www.dienmayxanh.com/may-lanh?g=may-lanh-inverter\" title=\"Xem thêm các mẫu máy lạnh Inverter chính hãng tại Điện Máy Xanh\" type=\"Xem thêm các mẫu máy lạnh Inverter chính hãng tại Điện Máy Xanh\">m&aacute;y lạnh Inverter</a>&nbsp;TCL n&agrave;y gi&uacute;p tiết kiệm điện năng ti&ecirc;u thụ, hoạt động &ecirc;m &aacute;i th&ocirc;ng qua việc cảm biến nhiệt độ ph&ograve;ng v&agrave; giảm c&ocirc;ng suất hoạt động nhưng vẫn giữ lại độ m&aacute;t cho căn ph&ograve;ng của bạn.</p>\r\n\r\n<p>-&nbsp;Chế độ Eco: tăng th&ecirc;m hiệu quả tiết kiệm đến đến 25% nhờ khả năng tự điều chỉnh nhiệt độ tối ưu nhưng vẫn giữ mức l&agrave;m m&aacute;t ph&ugrave; hợp.</p>\r\n\r\n<p>-&nbsp;Đạt chuẩn 5 sao với hiệu suất năng lượng 4.41 c&ugrave;ng lượng điện ti&ecirc;u thụ khoảng 1.13 kW/h.</p>\r\n', 1, '2024-05-14 15:25:31', 22, 3, 12, 7),
(85, '1531857231', 'Máy lạnh TCL Inverter 1.5 HP TAC-13CSD/XAB1I', 7990000, 1, '1715675186vi-vn-tong-quan-tcl-inverter-15-hp-tac-13csd-xab1i-1.jpg', '<h3>C&ocirc;ng nghệ tiết kiệm điện</h3>\r\n\r\n<p>- C&ocirc;ng nghệ tiết kiệm điện&nbsp;<strong>AI Inverter</strong>&nbsp;tr&ecirc;n&nbsp;<a href=\"https://www.dienmayxanh.com/may-lanh?g=may-lanh-inverter\" title=\"Xem thêm các mẫu máy lạnh Inverter chính hãng tại Điện Máy Xanh\" type=\"Xem thêm các mẫu máy lạnh Inverter chính hãng tại Điện Máy Xanh\">m&aacute;y lạnh Inverter</a>&nbsp;TCL n&agrave;y gi&uacute;p tiết kiệm điện năng ti&ecirc;u thụ, hoạt động &ecirc;m &aacute;i th&ocirc;ng qua việc cảm biến nhiệt độ ph&ograve;ng v&agrave; giảm c&ocirc;ng suất hoạt động nhưng vẫn giữ lại độ m&aacute;t cho căn ph&ograve;ng của bạn.</p>\r\n\r\n<p>-&nbsp;Chế độ Eco: tăng th&ecirc;m hiệu quả tiết kiệm đến đến 25% nhờ khả năng tự điều chỉnh nhiệt độ tối ưu nhưng vẫn giữ mức l&agrave;m m&aacute;t ph&ugrave; hợp.</p>\r\n\r\n<p>-&nbsp;Đạt chuẩn 5 sao với hiệu suất năng lượng 4.41 c&ugrave;ng lượng điện ti&ecirc;u thụ khoảng 1.13 kW/h.</p>\r\n', '<h3>C&ocirc;ng nghệ tiết kiệm điện</h3>\r\n\r\n<p>- C&ocirc;ng nghệ tiết kiệm điện&nbsp;<strong>AI Inverter</strong>&nbsp;tr&ecirc;n&nbsp;<a href=\"https://www.dienmayxanh.com/may-lanh?g=may-lanh-inverter\" title=\"Xem thêm các mẫu máy lạnh Inverter chính hãng tại Điện Máy Xanh\" type=\"Xem thêm các mẫu máy lạnh Inverter chính hãng tại Điện Máy Xanh\">m&aacute;y lạnh Inverter</a>&nbsp;TCL n&agrave;y gi&uacute;p tiết kiệm điện năng ti&ecirc;u thụ, hoạt động &ecirc;m &aacute;i th&ocirc;ng qua việc cảm biến nhiệt độ ph&ograve;ng v&agrave; giảm c&ocirc;ng suất hoạt động nhưng vẫn giữ lại độ m&aacute;t cho căn ph&ograve;ng của bạn.</p>\r\n\r\n<p>-&nbsp;Chế độ Eco: tăng th&ecirc;m hiệu quả tiết kiệm đến đến 25% nhờ khả năng tự điều chỉnh nhiệt độ tối ưu nhưng vẫn giữ mức l&agrave;m m&aacute;t ph&ugrave; hợp.</p>\r\n\r\n<p>-&nbsp;Đạt chuẩn 5 sao với hiệu suất năng lượng 4.41 c&ugrave;ng lượng điện ti&ecirc;u thụ khoảng 1.13 kW/h.</p>\r\n', 1, '2024-05-14 15:26:26', 22, 3, 12, 3),
(86, '1022297691', 'Máy lạnh TCL Inverter 1.5 HP TAC-13CSD/XAB1I', 7990000, 1, '1715675216vi-vn-tong-quan-tcl-inverter-15-hp-tac-13csd-xab1i-1.jpg', '<h3>C&ocirc;ng nghệ tiết kiệm điện</h3>\r\n\r\n<p>- C&ocirc;ng nghệ tiết kiệm điện&nbsp;<strong>AI Inverter</strong>&nbsp;tr&ecirc;n&nbsp;<a href=\"https://www.dienmayxanh.com/may-lanh?g=may-lanh-inverter\" title=\"Xem thêm các mẫu máy lạnh Inverter chính hãng tại Điện Máy Xanh\" type=\"Xem thêm các mẫu máy lạnh Inverter chính hãng tại Điện Máy Xanh\">m&aacute;y lạnh Inverter</a>&nbsp;TCL n&agrave;y gi&uacute;p tiết kiệm điện năng ti&ecirc;u thụ, hoạt động &ecirc;m &aacute;i th&ocirc;ng qua việc cảm biến nhiệt độ ph&ograve;ng v&agrave; giảm c&ocirc;ng suất hoạt động nhưng vẫn giữ lại độ m&aacute;t cho căn ph&ograve;ng của bạn.</p>\r\n\r\n<p>-&nbsp;Chế độ Eco: tăng th&ecirc;m hiệu quả tiết kiệm đến đến 25% nhờ khả năng tự điều chỉnh nhiệt độ tối ưu nhưng vẫn giữ mức l&agrave;m m&aacute;t ph&ugrave; hợp.</p>\r\n\r\n<p>-&nbsp;Đạt chuẩn 5 sao với hiệu suất năng lượng 4.41 c&ugrave;ng lượng điện ti&ecirc;u thụ khoảng 1.13 kW/h.</p>\r\n', '<h3>C&ocirc;ng nghệ tiết kiệm điện</h3>\r\n\r\n<p>- C&ocirc;ng nghệ tiết kiệm điện&nbsp;<strong>AI Inverter</strong>&nbsp;tr&ecirc;n&nbsp;<a href=\"https://www.dienmayxanh.com/may-lanh?g=may-lanh-inverter\" title=\"Xem thêm các mẫu máy lạnh Inverter chính hãng tại Điện Máy Xanh\" type=\"Xem thêm các mẫu máy lạnh Inverter chính hãng tại Điện Máy Xanh\">m&aacute;y lạnh Inverter</a>&nbsp;TCL n&agrave;y gi&uacute;p tiết kiệm điện năng ti&ecirc;u thụ, hoạt động &ecirc;m &aacute;i th&ocirc;ng qua việc cảm biến nhiệt độ ph&ograve;ng v&agrave; giảm c&ocirc;ng suất hoạt động nhưng vẫn giữ lại độ m&aacute;t cho căn ph&ograve;ng của bạn.</p>\r\n\r\n<p>-&nbsp;Chế độ Eco: tăng th&ecirc;m hiệu quả tiết kiệm đến đến 25% nhờ khả năng tự điều chỉnh nhiệt độ tối ưu nhưng vẫn giữ mức l&agrave;m m&aacute;t ph&ugrave; hợp.</p>\r\n\r\n<p>-&nbsp;Đạt chuẩn 5 sao với hiệu suất năng lượng 4.41 c&ugrave;ng lượng điện ti&ecirc;u thụ khoảng 1.13 kW/h.</p>\r\n', 1, '2024-05-14 15:26:56', 25, 3, 12, 7),
(87, '177020143', 'Laptop Asus Vivobook 15 OLED A1505ZA i5 12500H/16GB/512GB/Win11 (L1337W) ', 12550000, 1, '1715675327vi-vn-asus-vivobook-15-oled-a1505za-i5-l1337w-slider-1.jpg', '<h3><a href=\"https://www.thegioididong.com/laptop/asus-vivobook-15-oled-a1505za-i5-l1337w\" target=\"_blank\" title=\"Tham khảo Laptop Asus Vivobook 15 OLED A1505ZA i5 12500H L1337W tại thegioididong.com\" type=\"Tham khảo Laptop Asus Vivobook 15 OLED A1505ZA i5 12500H L1337W tại thegioididong.com\">Laptop Asus Vivobook 15 OLED A1505ZA i5 12500H (L1337W)</a>&nbsp;c&oacute; kh&ocirc;ng gian hiển thị rộng r&atilde;i, sắc n&eacute;t với m&agrave;n h&igrave;nh 15.6 inch OLED c&ugrave;ng nhiều hiệu năng mạnh mẽ kh&aacute;c. Đ&acirc;y chắc hẳn l&agrave; chiếc&nbsp;<a href=\"https://www.thegioididong.com/laptop?g=do-hoa-ky-thuat\" target=\"_blank\" title=\"Tham khảo các mẫu laptop đồ họa - kỹ thuật tại thegioididong.com\">laptop đồ họa - kỹ thuật</a>&nbsp;ph&ugrave; hợp với những bạn đang c&oacute; đ&ograve;i hỏi về đồ họa hay c&aacute;c c&ocirc;ng việc s&aacute;ng tạo.</h3>\r\n\r\n<p>&bull;&nbsp;<a href=\"https://www.thegioididong.com/laptop-asus-vivobook\" target=\"_blank\" title=\"Tham khảo các mẫu Laptop Asus Vivobook tại thegioididong.com\">Laptop Asus Vivobook</a>&nbsp;trang bị bộ xử l&yacute;&nbsp;<strong>Intel Core i5 - 12500H</strong>&nbsp;mạnh mẽ gi&uacute;p bạn xử l&yacute; trơn tru c&aacute;c t&aacute;c vụ từ văn ph&ograve;ng, giải tr&iacute; đến đồ họa như thiết kế h&igrave;nh ảnh, render video ngắn,... tr&ecirc;n c&aacute;c ứng dụng của nh&agrave; Adobe. T&iacute;ch hợp th&ecirc;m card&nbsp;<strong>Intel Iris Xe Graphics</strong>&nbsp;c&ograve;n cho bạn chơi tốt được c&aacute;c tựa game th&ocirc;ng dụng tr&ecirc;n thị trường hiện nay như: Li&ecirc;n Qu&acirc;n Mobile, LOL,...</p>\r\n\r\n<p>&bull;&nbsp;Trang bị&nbsp;<strong>RAM 16 GB</strong>&nbsp;mạnh mẽ cho ph&eacute;p bạn c&oacute; thể vừa nghe nhạc tr&ecirc;n YouTube vừa mở nhiều tab tr&ecirc;n tr&igrave;nh duyệt web m&agrave; khi sử dụng Photoshop vẫn mượt m&agrave;, &iacute;t bị giật lag.</p>\r\n\r\n<p>&bull;&nbsp;Ổ cứng&nbsp;<strong>SSD 512 GB</strong>&nbsp;cho kh&ocirc;ng gian lưu trữ lớn, hạn chế t&igrave;nh trạng phải d&ugrave;ng USB để lưu trữ dữ liệu. Nhờ ổ cứng c&oacute; dung lượng lớn, thời gian truy xuất dữ liệu được nhanh hơn, qu&aacute; tr&igrave;nh mở m&aacute;y c&ugrave;ng c&aacute;c ứng dụng cũng được r&uacute;t ngắn.&nbsp;<a href=\"https://www.thegioididong.com/laptop-asus\" target=\"_blank\" title=\"Tham khảo các mẫu Laptop Asus tại thegioididong.com\">Laptop Asus</a>&nbsp;c&ograve;n hỗ trợ ổ cứng l&ecirc;n dung lượng&nbsp;<strong>1 TB</strong>&nbsp;để c&oacute; thể gia tăng kh&ocirc;ng gian lưu trữ, gi&uacute;p qu&aacute; tr&igrave;nh l&agrave;m việc trở n&ecirc;n hiệu quả, năng suất hơn.</p>\r\n\r\n<p>&bull;&nbsp;M&agrave;n h&igrave;nh&nbsp;<strong>15.6 inch OLED</strong>&nbsp;c&ugrave;ng đạt chuẩn&nbsp;<strong>Display HDR True Black 600</strong>&nbsp;cho ph&eacute;p h&igrave;nh ảnh xuất ra đạt chất lượng cao, m&agrave;u sắc rực rỡ c&oacute; độ tương phản cao. Th&ocirc;ng số&nbsp;<strong>100% DCI-P3</strong>&nbsp;th&iacute;ch hợp cho những bạn c&oacute; c&ocirc;ng việc li&ecirc;n quan đến đồ họa, xem phim, chỉnh sửa h&igrave;nh ảnh.</p>\r\n\r\n<p>&bull;&nbsp;Ngo&agrave;i ra, m&agrave;n h&igrave;nh c&ograve;n trang bị nhiều c&ocirc;ng nghệ bảo vệ mắt như:&nbsp;<strong>Low Blue Light</strong>&nbsp;giảm &aacute;nh s&aacute;ng xanh,&nbsp;<strong>m&agrave;n h&igrave;nh bảo vệ mắt - EYE CARE</strong>, độ s&aacute;ng tối đa&nbsp;<strong>600 nits</strong>&nbsp;cho bạn lu&ocirc;n cảm thấy thoải m&aacute;i, kh&ocirc;ng bị đau, mỏi mắt sau thời gian d&agrave;i sử dụng&nbsp;<a href=\"https://www.thegioididong.com/laptop\" target=\"_blank\" title=\"Tham khảo các mẫu laptop tại thegioididong.com\">laptop</a>.</p>\r\n\r\n<p>&bull;&nbsp;Sở hữu thiết kế đơn giản với t&ocirc;ng&nbsp;<strong>bạc</strong>&nbsp;chủ đạo th&iacute;ch hợp cho những bạn y&ecirc;u th&iacute;ch sự tối giản nhưng to&aacute;t l&ecirc;n vẻ sang trọng. Tuy vỏ m&aacute;y được l&agrave;m từ&nbsp;<strong>nhựa</strong>&nbsp;nhưng lại đạt&nbsp;<strong>chuẩn qu&acirc;n đội MIL STD 810H</strong>, đem đến sự an to&agrave;n, chịu được va đập tốt nếu c&aacute;c bạn c&oacute; v&ocirc; t&igrave;nh l&agrave;m rơi rớt. Laptop c&oacute; khối lượng&nbsp;<strong>1.7 kg</strong>&nbsp;v&agrave; d&agrave;y&nbsp;<strong>19.9 mm</strong>&nbsp;n&ecirc;n khi cầm nắm vẫn cảm thấy thoải m&aacute;i, dễ chịu.</p>\r\n\r\n<p>&bull;&nbsp;M&agrave;n h&igrave;nh&nbsp;<strong>gập 180 độ</strong>&nbsp;kh&ocirc;ng chỉ tăng th&ecirc;m sự hiện đại, sang trọng m&agrave; c&ograve;n tăng th&ecirc;m năng suất c&ocirc;ng việc, cho bạn dễ d&agrave;ng chia sẻ g&oacute;c nh&igrave;n m&agrave;n h&igrave;nh với mọi người xung quanh. Tăng th&ecirc;m t&iacute;nh tiện lợi, hạn chế việc lộ th&ocirc;ng tin ra ngo&agrave;i với&nbsp;<strong>c&ocirc;ng tắc kh&oacute;a camera</strong>&nbsp;c&ugrave;ng&nbsp;<strong>bảo mật v&acirc;n tay</strong>, đem lại cảm gi&aacute;c an to&agrave;n cho người d&ugrave;ng khi sử dụng.</p>\r\n\r\n<p>&bull;&nbsp;Đa dạng cổng kết nối cho ph&eacute;p qu&aacute; tr&igrave;nh truyền xuất dữ liệu nhanh ch&oacute;ng, dễ d&agrave;ng: USB Type-C, USB 2.0, Jack tai nghe 3.5 mm, USB 3.2, HDMI.</p>\r\n', '<h3><a href=\"https://www.thegioididong.com/laptop/asus-vivobook-15-oled-a1505za-i5-l1337w\" target=\"_blank\" title=\"Tham khảo Laptop Asus Vivobook 15 OLED A1505ZA i5 12500H L1337W tại thegioididong.com\" type=\"Tham khảo Laptop Asus Vivobook 15 OLED A1505ZA i5 12500H L1337W tại thegioididong.com\">Laptop Asus Vivobook 15 OLED A1505ZA i5 12500H (L1337W)</a>&nbsp;c&oacute; kh&ocirc;ng gian hiển thị rộng r&atilde;i, sắc n&eacute;t với m&agrave;n h&igrave;nh 15.6 inch OLED c&ugrave;ng nhiều hiệu năng mạnh mẽ kh&aacute;c. Đ&acirc;y chắc hẳn l&agrave; chiếc&nbsp;<a href=\"https://www.thegioididong.com/laptop?g=do-hoa-ky-thuat\" target=\"_blank\" title=\"Tham khảo các mẫu laptop đồ họa - kỹ thuật tại thegioididong.com\">laptop đồ họa - kỹ thuật</a>&nbsp;ph&ugrave; hợp với những bạn đang c&oacute; đ&ograve;i hỏi về đồ họa hay c&aacute;c c&ocirc;ng việc s&aacute;ng tạo.</h3>\r\n\r\n<p>&bull;&nbsp;<a href=\"https://www.thegioididong.com/laptop-asus-vivobook\" target=\"_blank\" title=\"Tham khảo các mẫu Laptop Asus Vivobook tại thegioididong.com\">Laptop Asus Vivobook</a>&nbsp;trang bị bộ xử l&yacute;&nbsp;<strong>Intel Core i5 - 12500H</strong>&nbsp;mạnh mẽ gi&uacute;p bạn xử l&yacute; trơn tru c&aacute;c t&aacute;c vụ từ văn ph&ograve;ng, giải tr&iacute; đến đồ họa như thiết kế h&igrave;nh ảnh, render video ngắn,... tr&ecirc;n c&aacute;c ứng dụng của nh&agrave; Adobe. T&iacute;ch hợp th&ecirc;m card&nbsp;<strong>Intel Iris Xe Graphics</strong>&nbsp;c&ograve;n cho bạn chơi tốt được c&aacute;c tựa game th&ocirc;ng dụng tr&ecirc;n thị trường hiện nay như: Li&ecirc;n Qu&acirc;n Mobile, LOL,...</p>\r\n\r\n<p>&bull;&nbsp;Trang bị&nbsp;<strong>RAM 16 GB</strong>&nbsp;mạnh mẽ cho ph&eacute;p bạn c&oacute; thể vừa nghe nhạc tr&ecirc;n YouTube vừa mở nhiều tab tr&ecirc;n tr&igrave;nh duyệt web m&agrave; khi sử dụng Photoshop vẫn mượt m&agrave;, &iacute;t bị giật lag.</p>\r\n\r\n<p>&bull;&nbsp;Ổ cứng&nbsp;<strong>SSD 512 GB</strong>&nbsp;cho kh&ocirc;ng gian lưu trữ lớn, hạn chế t&igrave;nh trạng phải d&ugrave;ng USB để lưu trữ dữ liệu. Nhờ ổ cứng c&oacute; dung lượng lớn, thời gian truy xuất dữ liệu được nhanh hơn, qu&aacute; tr&igrave;nh mở m&aacute;y c&ugrave;ng c&aacute;c ứng dụng cũng được r&uacute;t ngắn.&nbsp;<a href=\"https://www.thegioididong.com/laptop-asus\" target=\"_blank\" title=\"Tham khảo các mẫu Laptop Asus tại thegioididong.com\">Laptop Asus</a>&nbsp;c&ograve;n hỗ trợ ổ cứng l&ecirc;n dung lượng&nbsp;<strong>1 TB</strong>&nbsp;để c&oacute; thể gia tăng kh&ocirc;ng gian lưu trữ, gi&uacute;p qu&aacute; tr&igrave;nh l&agrave;m việc trở n&ecirc;n hiệu quả, năng suất hơn.</p>\r\n\r\n<p>&bull;&nbsp;M&agrave;n h&igrave;nh&nbsp;<strong>15.6 inch OLED</strong>&nbsp;c&ugrave;ng đạt chuẩn&nbsp;<strong>Display HDR True Black 600</strong>&nbsp;cho ph&eacute;p h&igrave;nh ảnh xuất ra đạt chất lượng cao, m&agrave;u sắc rực rỡ c&oacute; độ tương phản cao. Th&ocirc;ng số&nbsp;<strong>100% DCI-P3</strong>&nbsp;th&iacute;ch hợp cho những bạn c&oacute; c&ocirc;ng việc li&ecirc;n quan đến đồ họa, xem phim, chỉnh sửa h&igrave;nh ảnh.</p>\r\n\r\n<p>&bull;&nbsp;Ngo&agrave;i ra, m&agrave;n h&igrave;nh c&ograve;n trang bị nhiều c&ocirc;ng nghệ bảo vệ mắt như:&nbsp;<strong>Low Blue Light</strong>&nbsp;giảm &aacute;nh s&aacute;ng xanh,&nbsp;<strong>m&agrave;n h&igrave;nh bảo vệ mắt - EYE CARE</strong>, độ s&aacute;ng tối đa&nbsp;<strong>600 nits</strong>&nbsp;cho bạn lu&ocirc;n cảm thấy thoải m&aacute;i, kh&ocirc;ng bị đau, mỏi mắt sau thời gian d&agrave;i sử dụng&nbsp;<a href=\"https://www.thegioididong.com/laptop\" target=\"_blank\" title=\"Tham khảo các mẫu laptop tại thegioididong.com\">laptop</a>.</p>\r\n\r\n<p>&bull;&nbsp;Sở hữu thiết kế đơn giản với t&ocirc;ng&nbsp;<strong>bạc</strong>&nbsp;chủ đạo th&iacute;ch hợp cho những bạn y&ecirc;u th&iacute;ch sự tối giản nhưng to&aacute;t l&ecirc;n vẻ sang trọng. Tuy vỏ m&aacute;y được l&agrave;m từ&nbsp;<strong>nhựa</strong>&nbsp;nhưng lại đạt&nbsp;<strong>chuẩn qu&acirc;n đội MIL STD 810H</strong>, đem đến sự an to&agrave;n, chịu được va đập tốt nếu c&aacute;c bạn c&oacute; v&ocirc; t&igrave;nh l&agrave;m rơi rớt. Laptop c&oacute; khối lượng&nbsp;<strong>1.7 kg</strong>&nbsp;v&agrave; d&agrave;y&nbsp;<strong>19.9 mm</strong>&nbsp;n&ecirc;n khi cầm nắm vẫn cảm thấy thoải m&aacute;i, dễ chịu.</p>\r\n\r\n<p>&bull;&nbsp;M&agrave;n h&igrave;nh&nbsp;<strong>gập 180 độ</strong>&nbsp;kh&ocirc;ng chỉ tăng th&ecirc;m sự hiện đại, sang trọng m&agrave; c&ograve;n tăng th&ecirc;m năng suất c&ocirc;ng việc, cho bạn dễ d&agrave;ng chia sẻ g&oacute;c nh&igrave;n m&agrave;n h&igrave;nh với mọi người xung quanh. Tăng th&ecirc;m t&iacute;nh tiện lợi, hạn chế việc lộ th&ocirc;ng tin ra ngo&agrave;i với&nbsp;<strong>c&ocirc;ng tắc kh&oacute;a camera</strong>&nbsp;c&ugrave;ng&nbsp;<strong>bảo mật v&acirc;n tay</strong>, đem lại cảm gi&aacute;c an to&agrave;n cho người d&ugrave;ng khi sử dụng.</p>\r\n\r\n<p>&bull;&nbsp;Đa dạng cổng kết nối cho ph&eacute;p qu&aacute; tr&igrave;nh truyền xuất dữ liệu nhanh ch&oacute;ng, dễ d&agrave;ng: USB Type-C, USB 2.0, Jack tai nghe 3.5 mm, USB 3.2, HDMI.</p>\r\n', 1, '2024-05-14 15:28:47', 21, 3, 24, 7),
(88, '1858324832', 'Laptop Dell Inspiron 15 3520 i5 1235U/16GB/512GB/120Hz/OfficeHS/KYHD/Win11 (25P231) ', 12550000, 1, '1715675436vi-vn-dell-inspiron-15-3520-i5-25p231-slider-1.jpg', '<h3><a href=\"https://www.thegioididong.com/laptop/asus-vivobook-15-oled-a1505za-i5-l1337w\" target=\"_blank\" title=\"Tham khảo Laptop Asus Vivobook 15 OLED A1505ZA i5 12500H L1337W tại thegioididong.com\" type=\"Tham khảo Laptop Asus Vivobook 15 OLED A1505ZA i5 12500H L1337W tại thegioididong.com\">Laptop Asus Vivobook 15 OLED A1505ZA i5 12500H (L1337W)</a>&nbsp;c&oacute; kh&ocirc;ng gian hiển thị rộng r&atilde;i, sắc n&eacute;t với m&agrave;n h&igrave;nh 15.6 inch OLED c&ugrave;ng nhiều hiệu năng mạnh mẽ kh&aacute;c. Đ&acirc;y chắc hẳn l&agrave; chiếc&nbsp;<a href=\"https://www.thegioididong.com/laptop?g=do-hoa-ky-thuat\" target=\"_blank\" title=\"Tham khảo các mẫu laptop đồ họa - kỹ thuật tại thegioididong.com\">laptop đồ họa - kỹ thuật</a>&nbsp;ph&ugrave; hợp với những bạn đang c&oacute; đ&ograve;i hỏi về đồ họa hay c&aacute;c c&ocirc;ng việc s&aacute;ng tạo.</h3>\r\n\r\n<p>&bull;&nbsp;<a href=\"https://www.thegioididong.com/laptop-asus-vivobook\" target=\"_blank\" title=\"Tham khảo các mẫu Laptop Asus Vivobook tại thegioididong.com\">Laptop Asus Vivobook</a>&nbsp;trang bị bộ xử l&yacute;&nbsp;<strong>Intel Core i5 - 12500H</strong>&nbsp;mạnh mẽ gi&uacute;p bạn xử l&yacute; trơn tru c&aacute;c t&aacute;c vụ từ văn ph&ograve;ng, giải tr&iacute; đến đồ họa như thiết kế h&igrave;nh ảnh, render video ngắn,... tr&ecirc;n c&aacute;c ứng dụng của nh&agrave; Adobe. T&iacute;ch hợp th&ecirc;m card&nbsp;<strong>Intel Iris Xe Graphics</strong>&nbsp;c&ograve;n cho bạn chơi tốt được c&aacute;c tựa game th&ocirc;ng dụng tr&ecirc;n thị trường hiện nay như: Li&ecirc;n Qu&acirc;n Mobile, LOL,...</p>\r\n\r\n<p>&bull;&nbsp;Trang bị&nbsp;<strong>RAM 16 GB</strong>&nbsp;mạnh mẽ cho ph&eacute;p bạn c&oacute; thể vừa nghe nhạc tr&ecirc;n YouTube vừa mở nhiều tab tr&ecirc;n tr&igrave;nh duyệt web m&agrave; khi sử dụng Photoshop vẫn mượt m&agrave;, &iacute;t bị giật lag.</p>\r\n\r\n<p>&bull;&nbsp;Ổ cứng&nbsp;<strong>SSD 512 GB</strong>&nbsp;cho kh&ocirc;ng gian lưu trữ lớn, hạn chế t&igrave;nh trạng phải d&ugrave;ng USB để lưu trữ dữ liệu. Nhờ ổ cứng c&oacute; dung lượng lớn, thời gian truy xuất dữ liệu được nhanh hơn, qu&aacute; tr&igrave;nh mở m&aacute;y c&ugrave;ng c&aacute;c ứng dụng cũng được r&uacute;t ngắn.&nbsp;<a href=\"https://www.thegioididong.com/laptop-asus\" target=\"_blank\" title=\"Tham khảo các mẫu Laptop Asus tại thegioididong.com\">Laptop Asus</a>&nbsp;c&ograve;n hỗ trợ ổ cứng l&ecirc;n dung lượng&nbsp;<strong>1 TB</strong>&nbsp;để c&oacute; thể gia tăng kh&ocirc;ng gian lưu trữ, gi&uacute;p qu&aacute; tr&igrave;nh l&agrave;m việc trở n&ecirc;n hiệu quả, năng suất hơn.</p>\r\n\r\n<p>&bull;&nbsp;M&agrave;n h&igrave;nh&nbsp;<strong>15.6 inch OLED</strong>&nbsp;c&ugrave;ng đạt chuẩn&nbsp;<strong>Display HDR True Black 600</strong>&nbsp;cho ph&eacute;p h&igrave;nh ảnh xuất ra đạt chất lượng cao, m&agrave;u sắc rực rỡ c&oacute; độ tương phản cao. Th&ocirc;ng số&nbsp;<strong>100% DCI-P3</strong>&nbsp;th&iacute;ch hợp cho những bạn c&oacute; c&ocirc;ng việc li&ecirc;n quan đến đồ họa, xem phim, chỉnh sửa h&igrave;nh ảnh.</p>\r\n\r\n<p>&bull;&nbsp;Ngo&agrave;i ra, m&agrave;n h&igrave;nh c&ograve;n trang bị nhiều c&ocirc;ng nghệ bảo vệ mắt như:&nbsp;<strong>Low Blue Light</strong>&nbsp;giảm &aacute;nh s&aacute;ng xanh,&nbsp;<strong>m&agrave;n h&igrave;nh bảo vệ mắt - EYE CARE</strong>, độ s&aacute;ng tối đa&nbsp;<strong>600 nits</strong>&nbsp;cho bạn lu&ocirc;n cảm thấy thoải m&aacute;i, kh&ocirc;ng bị đau, mỏi mắt sau thời gian d&agrave;i sử dụng&nbsp;<a href=\"https://www.thegioididong.com/laptop\" target=\"_blank\" title=\"Tham khảo các mẫu laptop tại thegioididong.com\">laptop</a>.</p>\r\n\r\n<p>&bull;&nbsp;Sở hữu thiết kế đơn giản với t&ocirc;ng&nbsp;<strong>bạc</strong>&nbsp;chủ đạo th&iacute;ch hợp cho những bạn y&ecirc;u th&iacute;ch sự tối giản nhưng to&aacute;t l&ecirc;n vẻ sang trọng. Tuy vỏ m&aacute;y được l&agrave;m từ&nbsp;<strong>nhựa</strong>&nbsp;nhưng lại đạt&nbsp;<strong>chuẩn qu&acirc;n đội MIL STD 810H</strong>, đem đến sự an to&agrave;n, chịu được va đập tốt nếu c&aacute;c bạn c&oacute; v&ocirc; t&igrave;nh l&agrave;m rơi rớt. Laptop c&oacute; khối lượng&nbsp;<strong>1.7 kg</strong>&nbsp;v&agrave; d&agrave;y&nbsp;<strong>19.9 mm</strong>&nbsp;n&ecirc;n khi cầm nắm vẫn cảm thấy thoải m&aacute;i, dễ chịu.</p>\r\n\r\n<p>&bull;&nbsp;M&agrave;n h&igrave;nh&nbsp;<strong>gập 180 độ</strong>&nbsp;kh&ocirc;ng chỉ tăng th&ecirc;m sự hiện đại, sang trọng m&agrave; c&ograve;n tăng th&ecirc;m năng suất c&ocirc;ng việc, cho bạn dễ d&agrave;ng chia sẻ g&oacute;c nh&igrave;n m&agrave;n h&igrave;nh với mọi người xung quanh. Tăng th&ecirc;m t&iacute;nh tiện lợi, hạn chế việc lộ th&ocirc;ng tin ra ngo&agrave;i với&nbsp;<strong>c&ocirc;ng tắc kh&oacute;a camera</strong>&nbsp;c&ugrave;ng&nbsp;<strong>bảo mật v&acirc;n tay</strong>, đem lại cảm gi&aacute;c an to&agrave;n cho người d&ugrave;ng khi sử dụng.</p>\r\n\r\n<p>&bull;&nbsp;Đa dạng cổng kết nối cho ph&eacute;p qu&aacute; tr&igrave;nh truyền xuất dữ liệu nhanh ch&oacute;ng, dễ d&agrave;ng: USB Type-C, USB 2.0, Jack tai nghe 3.5 mm, USB 3.2, HDMI.</p>\r\n', '<h3><a href=\"https://www.thegioididong.com/laptop/asus-vivobook-15-oled-a1505za-i5-l1337w\" target=\"_blank\" title=\"Tham khảo Laptop Asus Vivobook 15 OLED A1505ZA i5 12500H L1337W tại thegioididong.com\" type=\"Tham khảo Laptop Asus Vivobook 15 OLED A1505ZA i5 12500H L1337W tại thegioididong.com\">Laptop Asus Vivobook 15 OLED A1505ZA i5 12500H (L1337W)</a>&nbsp;c&oacute; kh&ocirc;ng gian hiển thị rộng r&atilde;i, sắc n&eacute;t với m&agrave;n h&igrave;nh 15.6 inch OLED c&ugrave;ng nhiều hiệu năng mạnh mẽ kh&aacute;c. Đ&acirc;y chắc hẳn l&agrave; chiếc&nbsp;<a href=\"https://www.thegioididong.com/laptop?g=do-hoa-ky-thuat\" target=\"_blank\" title=\"Tham khảo các mẫu laptop đồ họa - kỹ thuật tại thegioididong.com\">laptop đồ họa - kỹ thuật</a>&nbsp;ph&ugrave; hợp với những bạn đang c&oacute; đ&ograve;i hỏi về đồ họa hay c&aacute;c c&ocirc;ng việc s&aacute;ng tạo.</h3>\r\n\r\n<p>&bull;&nbsp;<a href=\"https://www.thegioididong.com/laptop-asus-vivobook\" target=\"_blank\" title=\"Tham khảo các mẫu Laptop Asus Vivobook tại thegioididong.com\">Laptop Asus Vivobook</a>&nbsp;trang bị bộ xử l&yacute;&nbsp;<strong>Intel Core i5 - 12500H</strong>&nbsp;mạnh mẽ gi&uacute;p bạn xử l&yacute; trơn tru c&aacute;c t&aacute;c vụ từ văn ph&ograve;ng, giải tr&iacute; đến đồ họa như thiết kế h&igrave;nh ảnh, render video ngắn,... tr&ecirc;n c&aacute;c ứng dụng của nh&agrave; Adobe. T&iacute;ch hợp th&ecirc;m card&nbsp;<strong>Intel Iris Xe Graphics</strong>&nbsp;c&ograve;n cho bạn chơi tốt được c&aacute;c tựa game th&ocirc;ng dụng tr&ecirc;n thị trường hiện nay như: Li&ecirc;n Qu&acirc;n Mobile, LOL,...</p>\r\n\r\n<p>&bull;&nbsp;Trang bị&nbsp;<strong>RAM 16 GB</strong>&nbsp;mạnh mẽ cho ph&eacute;p bạn c&oacute; thể vừa nghe nhạc tr&ecirc;n YouTube vừa mở nhiều tab tr&ecirc;n tr&igrave;nh duyệt web m&agrave; khi sử dụng Photoshop vẫn mượt m&agrave;, &iacute;t bị giật lag.</p>\r\n\r\n<p>&bull;&nbsp;Ổ cứng&nbsp;<strong>SSD 512 GB</strong>&nbsp;cho kh&ocirc;ng gian lưu trữ lớn, hạn chế t&igrave;nh trạng phải d&ugrave;ng USB để lưu trữ dữ liệu. Nhờ ổ cứng c&oacute; dung lượng lớn, thời gian truy xuất dữ liệu được nhanh hơn, qu&aacute; tr&igrave;nh mở m&aacute;y c&ugrave;ng c&aacute;c ứng dụng cũng được r&uacute;t ngắn.&nbsp;<a href=\"https://www.thegioididong.com/laptop-asus\" target=\"_blank\" title=\"Tham khảo các mẫu Laptop Asus tại thegioididong.com\">Laptop Asus</a>&nbsp;c&ograve;n hỗ trợ ổ cứng l&ecirc;n dung lượng&nbsp;<strong>1 TB</strong>&nbsp;để c&oacute; thể gia tăng kh&ocirc;ng gian lưu trữ, gi&uacute;p qu&aacute; tr&igrave;nh l&agrave;m việc trở n&ecirc;n hiệu quả, năng suất hơn.</p>\r\n\r\n<p>&bull;&nbsp;M&agrave;n h&igrave;nh&nbsp;<strong>15.6 inch OLED</strong>&nbsp;c&ugrave;ng đạt chuẩn&nbsp;<strong>Display HDR True Black 600</strong>&nbsp;cho ph&eacute;p h&igrave;nh ảnh xuất ra đạt chất lượng cao, m&agrave;u sắc rực rỡ c&oacute; độ tương phản cao. Th&ocirc;ng số&nbsp;<strong>100% DCI-P3</strong>&nbsp;th&iacute;ch hợp cho những bạn c&oacute; c&ocirc;ng việc li&ecirc;n quan đến đồ họa, xem phim, chỉnh sửa h&igrave;nh ảnh.</p>\r\n\r\n<p>&bull;&nbsp;Ngo&agrave;i ra, m&agrave;n h&igrave;nh c&ograve;n trang bị nhiều c&ocirc;ng nghệ bảo vệ mắt như:&nbsp;<strong>Low Blue Light</strong>&nbsp;giảm &aacute;nh s&aacute;ng xanh,&nbsp;<strong>m&agrave;n h&igrave;nh bảo vệ mắt - EYE CARE</strong>, độ s&aacute;ng tối đa&nbsp;<strong>600 nits</strong>&nbsp;cho bạn lu&ocirc;n cảm thấy thoải m&aacute;i, kh&ocirc;ng bị đau, mỏi mắt sau thời gian d&agrave;i sử dụng&nbsp;<a href=\"https://www.thegioididong.com/laptop\" target=\"_blank\" title=\"Tham khảo các mẫu laptop tại thegioididong.com\">laptop</a>.</p>\r\n\r\n<p>&bull;&nbsp;Sở hữu thiết kế đơn giản với t&ocirc;ng&nbsp;<strong>bạc</strong>&nbsp;chủ đạo th&iacute;ch hợp cho những bạn y&ecirc;u th&iacute;ch sự tối giản nhưng to&aacute;t l&ecirc;n vẻ sang trọng. Tuy vỏ m&aacute;y được l&agrave;m từ&nbsp;<strong>nhựa</strong>&nbsp;nhưng lại đạt&nbsp;<strong>chuẩn qu&acirc;n đội MIL STD 810H</strong>, đem đến sự an to&agrave;n, chịu được va đập tốt nếu c&aacute;c bạn c&oacute; v&ocirc; t&igrave;nh l&agrave;m rơi rớt. Laptop c&oacute; khối lượng&nbsp;<strong>1.7 kg</strong>&nbsp;v&agrave; d&agrave;y&nbsp;<strong>19.9 mm</strong>&nbsp;n&ecirc;n khi cầm nắm vẫn cảm thấy thoải m&aacute;i, dễ chịu.</p>\r\n\r\n<p>&bull;&nbsp;M&agrave;n h&igrave;nh&nbsp;<strong>gập 180 độ</strong>&nbsp;kh&ocirc;ng chỉ tăng th&ecirc;m sự hiện đại, sang trọng m&agrave; c&ograve;n tăng th&ecirc;m năng suất c&ocirc;ng việc, cho bạn dễ d&agrave;ng chia sẻ g&oacute;c nh&igrave;n m&agrave;n h&igrave;nh với mọi người xung quanh. Tăng th&ecirc;m t&iacute;nh tiện lợi, hạn chế việc lộ th&ocirc;ng tin ra ngo&agrave;i với&nbsp;<strong>c&ocirc;ng tắc kh&oacute;a camera</strong>&nbsp;c&ugrave;ng&nbsp;<strong>bảo mật v&acirc;n tay</strong>, đem lại cảm gi&aacute;c an to&agrave;n cho người d&ugrave;ng khi sử dụng.</p>\r\n\r\n<p>&bull;&nbsp;Đa dạng cổng kết nối cho ph&eacute;p qu&aacute; tr&igrave;nh truyền xuất dữ liệu nhanh ch&oacute;ng, dễ d&agrave;ng: USB Type-C, USB 2.0, Jack tai nghe 3.5 mm, USB 3.2, HDMI.</p>\r\n', 1, '2024-05-14 15:29:03', 21, 3, 24, 7);
INSERT INTO `product` (`id_sp`, `ma_sp`, `tensanpham`, `giasp`, `soluong`, `hinhanh`, `mota`, `noidung`, `tinhtrang`, `create_date`, `id_danhmuc`, `id_brand`, `bao_hanh`, `id_origin`) VALUES
(89, '93509091', 'Laptop Asus Vivobook 15 OLED A1505ZA i5 12500H/16GB/512GB/Win11 (L1337W) ', 12550000, 1, '17156754225.jpg', '<h3><a href=\"https://www.thegioididong.com/laptop/asus-vivobook-15-oled-a1505za-i5-l1337w\" target=\"_blank\" title=\"Tham khảo Laptop Asus Vivobook 15 OLED A1505ZA i5 12500H L1337W tại thegioididong.com\" type=\"Tham khảo Laptop Asus Vivobook 15 OLED A1505ZA i5 12500H L1337W tại thegioididong.com\">Laptop Asus Vivobook 15 OLED A1505ZA i5 12500H (L1337W)</a>&nbsp;c&oacute; kh&ocirc;ng gian hiển thị rộng r&atilde;i, sắc n&eacute;t với m&agrave;n h&igrave;nh 15.6 inch OLED c&ugrave;ng nhiều hiệu năng mạnh mẽ kh&aacute;c. Đ&acirc;y chắc hẳn l&agrave; chiếc&nbsp;<a href=\"https://www.thegioididong.com/laptop?g=do-hoa-ky-thuat\" target=\"_blank\" title=\"Tham khảo các mẫu laptop đồ họa - kỹ thuật tại thegioididong.com\">laptop đồ họa - kỹ thuật</a>&nbsp;ph&ugrave; hợp với những bạn đang c&oacute; đ&ograve;i hỏi về đồ họa hay c&aacute;c c&ocirc;ng việc s&aacute;ng tạo.</h3>\r\n\r\n<p>&bull;&nbsp;<a href=\"https://www.thegioididong.com/laptop-asus-vivobook\" target=\"_blank\" title=\"Tham khảo các mẫu Laptop Asus Vivobook tại thegioididong.com\">Laptop Asus Vivobook</a>&nbsp;trang bị bộ xử l&yacute;&nbsp;<strong>Intel Core i5 - 12500H</strong>&nbsp;mạnh mẽ gi&uacute;p bạn xử l&yacute; trơn tru c&aacute;c t&aacute;c vụ từ văn ph&ograve;ng, giải tr&iacute; đến đồ họa như thiết kế h&igrave;nh ảnh, render video ngắn,... tr&ecirc;n c&aacute;c ứng dụng của nh&agrave; Adobe. T&iacute;ch hợp th&ecirc;m card&nbsp;<strong>Intel Iris Xe Graphics</strong>&nbsp;c&ograve;n cho bạn chơi tốt được c&aacute;c tựa game th&ocirc;ng dụng tr&ecirc;n thị trường hiện nay như: Li&ecirc;n Qu&acirc;n Mobile, LOL,...</p>\r\n\r\n<p>&bull;&nbsp;Trang bị&nbsp;<strong>RAM 16 GB</strong>&nbsp;mạnh mẽ cho ph&eacute;p bạn c&oacute; thể vừa nghe nhạc tr&ecirc;n YouTube vừa mở nhiều tab tr&ecirc;n tr&igrave;nh duyệt web m&agrave; khi sử dụng Photoshop vẫn mượt m&agrave;, &iacute;t bị giật lag.</p>\r\n\r\n<p>&bull;&nbsp;Ổ cứng&nbsp;<strong>SSD 512 GB</strong>&nbsp;cho kh&ocirc;ng gian lưu trữ lớn, hạn chế t&igrave;nh trạng phải d&ugrave;ng USB để lưu trữ dữ liệu. Nhờ ổ cứng c&oacute; dung lượng lớn, thời gian truy xuất dữ liệu được nhanh hơn, qu&aacute; tr&igrave;nh mở m&aacute;y c&ugrave;ng c&aacute;c ứng dụng cũng được r&uacute;t ngắn.&nbsp;<a href=\"https://www.thegioididong.com/laptop-asus\" target=\"_blank\" title=\"Tham khảo các mẫu Laptop Asus tại thegioididong.com\">Laptop Asus</a>&nbsp;c&ograve;n hỗ trợ ổ cứng l&ecirc;n dung lượng&nbsp;<strong>1 TB</strong>&nbsp;để c&oacute; thể gia tăng kh&ocirc;ng gian lưu trữ, gi&uacute;p qu&aacute; tr&igrave;nh l&agrave;m việc trở n&ecirc;n hiệu quả, năng suất hơn.</p>\r\n\r\n<p>&bull;&nbsp;M&agrave;n h&igrave;nh&nbsp;<strong>15.6 inch OLED</strong>&nbsp;c&ugrave;ng đạt chuẩn&nbsp;<strong>Display HDR True Black 600</strong>&nbsp;cho ph&eacute;p h&igrave;nh ảnh xuất ra đạt chất lượng cao, m&agrave;u sắc rực rỡ c&oacute; độ tương phản cao. Th&ocirc;ng số&nbsp;<strong>100% DCI-P3</strong>&nbsp;th&iacute;ch hợp cho những bạn c&oacute; c&ocirc;ng việc li&ecirc;n quan đến đồ họa, xem phim, chỉnh sửa h&igrave;nh ảnh.</p>\r\n\r\n<p>&bull;&nbsp;Ngo&agrave;i ra, m&agrave;n h&igrave;nh c&ograve;n trang bị nhiều c&ocirc;ng nghệ bảo vệ mắt như:&nbsp;<strong>Low Blue Light</strong>&nbsp;giảm &aacute;nh s&aacute;ng xanh,&nbsp;<strong>m&agrave;n h&igrave;nh bảo vệ mắt - EYE CARE</strong>, độ s&aacute;ng tối đa&nbsp;<strong>600 nits</strong>&nbsp;cho bạn lu&ocirc;n cảm thấy thoải m&aacute;i, kh&ocirc;ng bị đau, mỏi mắt sau thời gian d&agrave;i sử dụng&nbsp;<a href=\"https://www.thegioididong.com/laptop\" target=\"_blank\" title=\"Tham khảo các mẫu laptop tại thegioididong.com\">laptop</a>.</p>\r\n\r\n<p>&bull;&nbsp;Sở hữu thiết kế đơn giản với t&ocirc;ng&nbsp;<strong>bạc</strong>&nbsp;chủ đạo th&iacute;ch hợp cho những bạn y&ecirc;u th&iacute;ch sự tối giản nhưng to&aacute;t l&ecirc;n vẻ sang trọng. Tuy vỏ m&aacute;y được l&agrave;m từ&nbsp;<strong>nhựa</strong>&nbsp;nhưng lại đạt&nbsp;<strong>chuẩn qu&acirc;n đội MIL STD 810H</strong>, đem đến sự an to&agrave;n, chịu được va đập tốt nếu c&aacute;c bạn c&oacute; v&ocirc; t&igrave;nh l&agrave;m rơi rớt. Laptop c&oacute; khối lượng&nbsp;<strong>1.7 kg</strong>&nbsp;v&agrave; d&agrave;y&nbsp;<strong>19.9 mm</strong>&nbsp;n&ecirc;n khi cầm nắm vẫn cảm thấy thoải m&aacute;i, dễ chịu.</p>\r\n\r\n<p>&bull;&nbsp;M&agrave;n h&igrave;nh&nbsp;<strong>gập 180 độ</strong>&nbsp;kh&ocirc;ng chỉ tăng th&ecirc;m sự hiện đại, sang trọng m&agrave; c&ograve;n tăng th&ecirc;m năng suất c&ocirc;ng việc, cho bạn dễ d&agrave;ng chia sẻ g&oacute;c nh&igrave;n m&agrave;n h&igrave;nh với mọi người xung quanh. Tăng th&ecirc;m t&iacute;nh tiện lợi, hạn chế việc lộ th&ocirc;ng tin ra ngo&agrave;i với&nbsp;<strong>c&ocirc;ng tắc kh&oacute;a camera</strong>&nbsp;c&ugrave;ng&nbsp;<strong>bảo mật v&acirc;n tay</strong>, đem lại cảm gi&aacute;c an to&agrave;n cho người d&ugrave;ng khi sử dụng.</p>\r\n\r\n<p>&bull;&nbsp;Đa dạng cổng kết nối cho ph&eacute;p qu&aacute; tr&igrave;nh truyền xuất dữ liệu nhanh ch&oacute;ng, dễ d&agrave;ng: USB Type-C, USB 2.0, Jack tai nghe 3.5 mm, USB 3.2, HDMI.</p>\r\n', '<h3><a href=\"https://www.thegioididong.com/laptop/asus-vivobook-15-oled-a1505za-i5-l1337w\" target=\"_blank\" title=\"Tham khảo Laptop Asus Vivobook 15 OLED A1505ZA i5 12500H L1337W tại thegioididong.com\" type=\"Tham khảo Laptop Asus Vivobook 15 OLED A1505ZA i5 12500H L1337W tại thegioididong.com\">Laptop Asus Vivobook 15 OLED A1505ZA i5 12500H (L1337W)</a>&nbsp;c&oacute; kh&ocirc;ng gian hiển thị rộng r&atilde;i, sắc n&eacute;t với m&agrave;n h&igrave;nh 15.6 inch OLED c&ugrave;ng nhiều hiệu năng mạnh mẽ kh&aacute;c. Đ&acirc;y chắc hẳn l&agrave; chiếc&nbsp;<a href=\"https://www.thegioididong.com/laptop?g=do-hoa-ky-thuat\" target=\"_blank\" title=\"Tham khảo các mẫu laptop đồ họa - kỹ thuật tại thegioididong.com\">laptop đồ họa - kỹ thuật</a>&nbsp;ph&ugrave; hợp với những bạn đang c&oacute; đ&ograve;i hỏi về đồ họa hay c&aacute;c c&ocirc;ng việc s&aacute;ng tạo.</h3>\r\n\r\n<p>&bull;&nbsp;<a href=\"https://www.thegioididong.com/laptop-asus-vivobook\" target=\"_blank\" title=\"Tham khảo các mẫu Laptop Asus Vivobook tại thegioididong.com\">Laptop Asus Vivobook</a>&nbsp;trang bị bộ xử l&yacute;&nbsp;<strong>Intel Core i5 - 12500H</strong>&nbsp;mạnh mẽ gi&uacute;p bạn xử l&yacute; trơn tru c&aacute;c t&aacute;c vụ từ văn ph&ograve;ng, giải tr&iacute; đến đồ họa như thiết kế h&igrave;nh ảnh, render video ngắn,... tr&ecirc;n c&aacute;c ứng dụng của nh&agrave; Adobe. T&iacute;ch hợp th&ecirc;m card&nbsp;<strong>Intel Iris Xe Graphics</strong>&nbsp;c&ograve;n cho bạn chơi tốt được c&aacute;c tựa game th&ocirc;ng dụng tr&ecirc;n thị trường hiện nay như: Li&ecirc;n Qu&acirc;n Mobile, LOL,...</p>\r\n\r\n<p>&bull;&nbsp;Trang bị&nbsp;<strong>RAM 16 GB</strong>&nbsp;mạnh mẽ cho ph&eacute;p bạn c&oacute; thể vừa nghe nhạc tr&ecirc;n YouTube vừa mở nhiều tab tr&ecirc;n tr&igrave;nh duyệt web m&agrave; khi sử dụng Photoshop vẫn mượt m&agrave;, &iacute;t bị giật lag.</p>\r\n\r\n<p>&bull;&nbsp;Ổ cứng&nbsp;<strong>SSD 512 GB</strong>&nbsp;cho kh&ocirc;ng gian lưu trữ lớn, hạn chế t&igrave;nh trạng phải d&ugrave;ng USB để lưu trữ dữ liệu. Nhờ ổ cứng c&oacute; dung lượng lớn, thời gian truy xuất dữ liệu được nhanh hơn, qu&aacute; tr&igrave;nh mở m&aacute;y c&ugrave;ng c&aacute;c ứng dụng cũng được r&uacute;t ngắn.&nbsp;<a href=\"https://www.thegioididong.com/laptop-asus\" target=\"_blank\" title=\"Tham khảo các mẫu Laptop Asus tại thegioididong.com\">Laptop Asus</a>&nbsp;c&ograve;n hỗ trợ ổ cứng l&ecirc;n dung lượng&nbsp;<strong>1 TB</strong>&nbsp;để c&oacute; thể gia tăng kh&ocirc;ng gian lưu trữ, gi&uacute;p qu&aacute; tr&igrave;nh l&agrave;m việc trở n&ecirc;n hiệu quả, năng suất hơn.</p>\r\n\r\n<p>&bull;&nbsp;M&agrave;n h&igrave;nh&nbsp;<strong>15.6 inch OLED</strong>&nbsp;c&ugrave;ng đạt chuẩn&nbsp;<strong>Display HDR True Black 600</strong>&nbsp;cho ph&eacute;p h&igrave;nh ảnh xuất ra đạt chất lượng cao, m&agrave;u sắc rực rỡ c&oacute; độ tương phản cao. Th&ocirc;ng số&nbsp;<strong>100% DCI-P3</strong>&nbsp;th&iacute;ch hợp cho những bạn c&oacute; c&ocirc;ng việc li&ecirc;n quan đến đồ họa, xem phim, chỉnh sửa h&igrave;nh ảnh.</p>\r\n\r\n<p>&bull;&nbsp;Ngo&agrave;i ra, m&agrave;n h&igrave;nh c&ograve;n trang bị nhiều c&ocirc;ng nghệ bảo vệ mắt như:&nbsp;<strong>Low Blue Light</strong>&nbsp;giảm &aacute;nh s&aacute;ng xanh,&nbsp;<strong>m&agrave;n h&igrave;nh bảo vệ mắt - EYE CARE</strong>, độ s&aacute;ng tối đa&nbsp;<strong>600 nits</strong>&nbsp;cho bạn lu&ocirc;n cảm thấy thoải m&aacute;i, kh&ocirc;ng bị đau, mỏi mắt sau thời gian d&agrave;i sử dụng&nbsp;<a href=\"https://www.thegioididong.com/laptop\" target=\"_blank\" title=\"Tham khảo các mẫu laptop tại thegioididong.com\">laptop</a>.</p>\r\n\r\n<p>&bull;&nbsp;Sở hữu thiết kế đơn giản với t&ocirc;ng&nbsp;<strong>bạc</strong>&nbsp;chủ đạo th&iacute;ch hợp cho những bạn y&ecirc;u th&iacute;ch sự tối giản nhưng to&aacute;t l&ecirc;n vẻ sang trọng. Tuy vỏ m&aacute;y được l&agrave;m từ&nbsp;<strong>nhựa</strong>&nbsp;nhưng lại đạt&nbsp;<strong>chuẩn qu&acirc;n đội MIL STD 810H</strong>, đem đến sự an to&agrave;n, chịu được va đập tốt nếu c&aacute;c bạn c&oacute; v&ocirc; t&igrave;nh l&agrave;m rơi rớt. Laptop c&oacute; khối lượng&nbsp;<strong>1.7 kg</strong>&nbsp;v&agrave; d&agrave;y&nbsp;<strong>19.9 mm</strong>&nbsp;n&ecirc;n khi cầm nắm vẫn cảm thấy thoải m&aacute;i, dễ chịu.</p>\r\n\r\n<p>&bull;&nbsp;M&agrave;n h&igrave;nh&nbsp;<strong>gập 180 độ</strong>&nbsp;kh&ocirc;ng chỉ tăng th&ecirc;m sự hiện đại, sang trọng m&agrave; c&ograve;n tăng th&ecirc;m năng suất c&ocirc;ng việc, cho bạn dễ d&agrave;ng chia sẻ g&oacute;c nh&igrave;n m&agrave;n h&igrave;nh với mọi người xung quanh. Tăng th&ecirc;m t&iacute;nh tiện lợi, hạn chế việc lộ th&ocirc;ng tin ra ngo&agrave;i với&nbsp;<strong>c&ocirc;ng tắc kh&oacute;a camera</strong>&nbsp;c&ugrave;ng&nbsp;<strong>bảo mật v&acirc;n tay</strong>, đem lại cảm gi&aacute;c an to&agrave;n cho người d&ugrave;ng khi sử dụng.</p>\r\n\r\n<p>&bull;&nbsp;Đa dạng cổng kết nối cho ph&eacute;p qu&aacute; tr&igrave;nh truyền xuất dữ liệu nhanh ch&oacute;ng, dễ d&agrave;ng: USB Type-C, USB 2.0, Jack tai nghe 3.5 mm, USB 3.2, HDMI.</p>\r\n', 1, '2024-05-14 15:29:26', 21, 3, 24, 7),
(90, '693920199', 'Laptop Acer Aspire Lite 15 51M 55NB i5 1155G7/8GB/512GB/Win11 (NX.KRSSV.001) ', 22550000, 1, '1715675534acer-aspire-lite-15-51m-55nb-i5-nxkrssv001-2.jpg', '<h3><a href=\"https://www.thegioididong.com/laptop/asus-vivobook-15-oled-a1505za-i5-l1337w\" target=\"_blank\" title=\"Tham khảo Laptop Asus Vivobook 15 OLED A1505ZA i5 12500H L1337W tại thegioididong.com\" type=\"Tham khảo Laptop Asus Vivobook 15 OLED A1505ZA i5 12500H L1337W tại thegioididong.com\">Laptop Asus Vivobook 15 OLED A1505ZA i5 12500H (L1337W)</a>&nbsp;c&oacute; kh&ocirc;ng gian hiển thị rộng r&atilde;i, sắc n&eacute;t với m&agrave;n h&igrave;nh 15.6 inch OLED c&ugrave;ng nhiều hiệu năng mạnh mẽ kh&aacute;c. Đ&acirc;y chắc hẳn l&agrave; chiếc&nbsp;<a href=\"https://www.thegioididong.com/laptop?g=do-hoa-ky-thuat\" target=\"_blank\" title=\"Tham khảo các mẫu laptop đồ họa - kỹ thuật tại thegioididong.com\">laptop đồ họa - kỹ thuật</a>&nbsp;ph&ugrave; hợp với những bạn đang c&oacute; đ&ograve;i hỏi về đồ họa hay c&aacute;c c&ocirc;ng việc s&aacute;ng tạo.</h3>\r\n\r\n<p>&bull;&nbsp;<a href=\"https://www.thegioididong.com/laptop-asus-vivobook\" target=\"_blank\" title=\"Tham khảo các mẫu Laptop Asus Vivobook tại thegioididong.com\">Laptop Asus Vivobook</a>&nbsp;trang bị bộ xử l&yacute;&nbsp;<strong>Intel Core i5 - 12500H</strong>&nbsp;mạnh mẽ gi&uacute;p bạn xử l&yacute; trơn tru c&aacute;c t&aacute;c vụ từ văn ph&ograve;ng, giải tr&iacute; đến đồ họa như thiết kế h&igrave;nh ảnh, render video ngắn,... tr&ecirc;n c&aacute;c ứng dụng của nh&agrave; Adobe. T&iacute;ch hợp th&ecirc;m card&nbsp;<strong>Intel Iris Xe Graphics</strong>&nbsp;c&ograve;n cho bạn chơi tốt được c&aacute;c tựa game th&ocirc;ng dụng tr&ecirc;n thị trường hiện nay như: Li&ecirc;n Qu&acirc;n Mobile, LOL,...</p>\r\n\r\n<p>&bull;&nbsp;Trang bị&nbsp;<strong>RAM 16 GB</strong>&nbsp;mạnh mẽ cho ph&eacute;p bạn c&oacute; thể vừa nghe nhạc tr&ecirc;n YouTube vừa mở nhiều tab tr&ecirc;n tr&igrave;nh duyệt web m&agrave; khi sử dụng Photoshop vẫn mượt m&agrave;, &iacute;t bị giật lag.</p>\r\n\r\n<p>&bull;&nbsp;Ổ cứng&nbsp;<strong>SSD 512 GB</strong>&nbsp;cho kh&ocirc;ng gian lưu trữ lớn, hạn chế t&igrave;nh trạng phải d&ugrave;ng USB để lưu trữ dữ liệu. Nhờ ổ cứng c&oacute; dung lượng lớn, thời gian truy xuất dữ liệu được nhanh hơn, qu&aacute; tr&igrave;nh mở m&aacute;y c&ugrave;ng c&aacute;c ứng dụng cũng được r&uacute;t ngắn.&nbsp;<a href=\"https://www.thegioididong.com/laptop-asus\" target=\"_blank\" title=\"Tham khảo các mẫu Laptop Asus tại thegioididong.com\">Laptop Asus</a>&nbsp;c&ograve;n hỗ trợ ổ cứng l&ecirc;n dung lượng&nbsp;<strong>1 TB</strong>&nbsp;để c&oacute; thể gia tăng kh&ocirc;ng gian lưu trữ, gi&uacute;p qu&aacute; tr&igrave;nh l&agrave;m việc trở n&ecirc;n hiệu quả, năng suất hơn.</p>\r\n\r\n<p>&bull;&nbsp;M&agrave;n h&igrave;nh&nbsp;<strong>15.6 inch OLED</strong>&nbsp;c&ugrave;ng đạt chuẩn&nbsp;<strong>Display HDR True Black 600</strong>&nbsp;cho ph&eacute;p h&igrave;nh ảnh xuất ra đạt chất lượng cao, m&agrave;u sắc rực rỡ c&oacute; độ tương phản cao. Th&ocirc;ng số&nbsp;<strong>100% DCI-P3</strong>&nbsp;th&iacute;ch hợp cho những bạn c&oacute; c&ocirc;ng việc li&ecirc;n quan đến đồ họa, xem phim, chỉnh sửa h&igrave;nh ảnh.</p>\r\n\r\n<p>&bull;&nbsp;Ngo&agrave;i ra, m&agrave;n h&igrave;nh c&ograve;n trang bị nhiều c&ocirc;ng nghệ bảo vệ mắt như:&nbsp;<strong>Low Blue Light</strong>&nbsp;giảm &aacute;nh s&aacute;ng xanh,&nbsp;<strong>m&agrave;n h&igrave;nh bảo vệ mắt - EYE CARE</strong>, độ s&aacute;ng tối đa&nbsp;<strong>600 nits</strong>&nbsp;cho bạn lu&ocirc;n cảm thấy thoải m&aacute;i, kh&ocirc;ng bị đau, mỏi mắt sau thời gian d&agrave;i sử dụng&nbsp;<a href=\"https://www.thegioididong.com/laptop\" target=\"_blank\" title=\"Tham khảo các mẫu laptop tại thegioididong.com\">laptop</a>.</p>\r\n\r\n<p>&bull;&nbsp;Sở hữu thiết kế đơn giản với t&ocirc;ng&nbsp;<strong>bạc</strong>&nbsp;chủ đạo th&iacute;ch hợp cho những bạn y&ecirc;u th&iacute;ch sự tối giản nhưng to&aacute;t l&ecirc;n vẻ sang trọng. Tuy vỏ m&aacute;y được l&agrave;m từ&nbsp;<strong>nhựa</strong>&nbsp;nhưng lại đạt&nbsp;<strong>chuẩn qu&acirc;n đội MIL STD 810H</strong>, đem đến sự an to&agrave;n, chịu được va đập tốt nếu c&aacute;c bạn c&oacute; v&ocirc; t&igrave;nh l&agrave;m rơi rớt. Laptop c&oacute; khối lượng&nbsp;<strong>1.7 kg</strong>&nbsp;v&agrave; d&agrave;y&nbsp;<strong>19.9 mm</strong>&nbsp;n&ecirc;n khi cầm nắm vẫn cảm thấy thoải m&aacute;i, dễ chịu.</p>\r\n\r\n<p>&bull;&nbsp;M&agrave;n h&igrave;nh&nbsp;<strong>gập 180 độ</strong>&nbsp;kh&ocirc;ng chỉ tăng th&ecirc;m sự hiện đại, sang trọng m&agrave; c&ograve;n tăng th&ecirc;m năng suất c&ocirc;ng việc, cho bạn dễ d&agrave;ng chia sẻ g&oacute;c nh&igrave;n m&agrave;n h&igrave;nh với mọi người xung quanh. Tăng th&ecirc;m t&iacute;nh tiện lợi, hạn chế việc lộ th&ocirc;ng tin ra ngo&agrave;i với&nbsp;<strong>c&ocirc;ng tắc kh&oacute;a camera</strong>&nbsp;c&ugrave;ng&nbsp;<strong>bảo mật v&acirc;n tay</strong>, đem lại cảm gi&aacute;c an to&agrave;n cho người d&ugrave;ng khi sử dụng.</p>\r\n\r\n<p>&bull;&nbsp;Đa dạng cổng kết nối cho ph&eacute;p qu&aacute; tr&igrave;nh truyền xuất dữ liệu nhanh ch&oacute;ng, dễ d&agrave;ng: USB Type-C, USB 2.0, Jack tai nghe 3.5 mm, USB 3.2, HDMI.</p>\r\n', '<h3><a href=\"https://www.thegioididong.com/laptop/asus-vivobook-15-oled-a1505za-i5-l1337w\" target=\"_blank\" title=\"Tham khảo Laptop Asus Vivobook 15 OLED A1505ZA i5 12500H L1337W tại thegioididong.com\" type=\"Tham khảo Laptop Asus Vivobook 15 OLED A1505ZA i5 12500H L1337W tại thegioididong.com\">Laptop Asus Vivobook 15 OLED A1505ZA i5 12500H (L1337W)</a>&nbsp;c&oacute; kh&ocirc;ng gian hiển thị rộng r&atilde;i, sắc n&eacute;t với m&agrave;n h&igrave;nh 15.6 inch OLED c&ugrave;ng nhiều hiệu năng mạnh mẽ kh&aacute;c. Đ&acirc;y chắc hẳn l&agrave; chiếc&nbsp;<a href=\"https://www.thegioididong.com/laptop?g=do-hoa-ky-thuat\" target=\"_blank\" title=\"Tham khảo các mẫu laptop đồ họa - kỹ thuật tại thegioididong.com\">laptop đồ họa - kỹ thuật</a>&nbsp;ph&ugrave; hợp với những bạn đang c&oacute; đ&ograve;i hỏi về đồ họa hay c&aacute;c c&ocirc;ng việc s&aacute;ng tạo.</h3>\r\n\r\n<p>&bull;&nbsp;<a href=\"https://www.thegioididong.com/laptop-asus-vivobook\" target=\"_blank\" title=\"Tham khảo các mẫu Laptop Asus Vivobook tại thegioididong.com\">Laptop Asus Vivobook</a>&nbsp;trang bị bộ xử l&yacute;&nbsp;<strong>Intel Core i5 - 12500H</strong>&nbsp;mạnh mẽ gi&uacute;p bạn xử l&yacute; trơn tru c&aacute;c t&aacute;c vụ từ văn ph&ograve;ng, giải tr&iacute; đến đồ họa như thiết kế h&igrave;nh ảnh, render video ngắn,... tr&ecirc;n c&aacute;c ứng dụng của nh&agrave; Adobe. T&iacute;ch hợp th&ecirc;m card&nbsp;<strong>Intel Iris Xe Graphics</strong>&nbsp;c&ograve;n cho bạn chơi tốt được c&aacute;c tựa game th&ocirc;ng dụng tr&ecirc;n thị trường hiện nay như: Li&ecirc;n Qu&acirc;n Mobile, LOL,...</p>\r\n\r\n<p>&bull;&nbsp;Trang bị&nbsp;<strong>RAM 16 GB</strong>&nbsp;mạnh mẽ cho ph&eacute;p bạn c&oacute; thể vừa nghe nhạc tr&ecirc;n YouTube vừa mở nhiều tab tr&ecirc;n tr&igrave;nh duyệt web m&agrave; khi sử dụng Photoshop vẫn mượt m&agrave;, &iacute;t bị giật lag.</p>\r\n\r\n<p>&bull;&nbsp;Ổ cứng&nbsp;<strong>SSD 512 GB</strong>&nbsp;cho kh&ocirc;ng gian lưu trữ lớn, hạn chế t&igrave;nh trạng phải d&ugrave;ng USB để lưu trữ dữ liệu. Nhờ ổ cứng c&oacute; dung lượng lớn, thời gian truy xuất dữ liệu được nhanh hơn, qu&aacute; tr&igrave;nh mở m&aacute;y c&ugrave;ng c&aacute;c ứng dụng cũng được r&uacute;t ngắn.&nbsp;<a href=\"https://www.thegioididong.com/laptop-asus\" target=\"_blank\" title=\"Tham khảo các mẫu Laptop Asus tại thegioididong.com\">Laptop Asus</a>&nbsp;c&ograve;n hỗ trợ ổ cứng l&ecirc;n dung lượng&nbsp;<strong>1 TB</strong>&nbsp;để c&oacute; thể gia tăng kh&ocirc;ng gian lưu trữ, gi&uacute;p qu&aacute; tr&igrave;nh l&agrave;m việc trở n&ecirc;n hiệu quả, năng suất hơn.</p>\r\n\r\n<p>&bull;&nbsp;M&agrave;n h&igrave;nh&nbsp;<strong>15.6 inch OLED</strong>&nbsp;c&ugrave;ng đạt chuẩn&nbsp;<strong>Display HDR True Black 600</strong>&nbsp;cho ph&eacute;p h&igrave;nh ảnh xuất ra đạt chất lượng cao, m&agrave;u sắc rực rỡ c&oacute; độ tương phản cao. Th&ocirc;ng số&nbsp;<strong>100% DCI-P3</strong>&nbsp;th&iacute;ch hợp cho những bạn c&oacute; c&ocirc;ng việc li&ecirc;n quan đến đồ họa, xem phim, chỉnh sửa h&igrave;nh ảnh.</p>\r\n\r\n<p>&bull;&nbsp;Ngo&agrave;i ra, m&agrave;n h&igrave;nh c&ograve;n trang bị nhiều c&ocirc;ng nghệ bảo vệ mắt như:&nbsp;<strong>Low Blue Light</strong>&nbsp;giảm &aacute;nh s&aacute;ng xanh,&nbsp;<strong>m&agrave;n h&igrave;nh bảo vệ mắt - EYE CARE</strong>, độ s&aacute;ng tối đa&nbsp;<strong>600 nits</strong>&nbsp;cho bạn lu&ocirc;n cảm thấy thoải m&aacute;i, kh&ocirc;ng bị đau, mỏi mắt sau thời gian d&agrave;i sử dụng&nbsp;<a href=\"https://www.thegioididong.com/laptop\" target=\"_blank\" title=\"Tham khảo các mẫu laptop tại thegioididong.com\">laptop</a>.</p>\r\n\r\n<p>&bull;&nbsp;Sở hữu thiết kế đơn giản với t&ocirc;ng&nbsp;<strong>bạc</strong>&nbsp;chủ đạo th&iacute;ch hợp cho những bạn y&ecirc;u th&iacute;ch sự tối giản nhưng to&aacute;t l&ecirc;n vẻ sang trọng. Tuy vỏ m&aacute;y được l&agrave;m từ&nbsp;<strong>nhựa</strong>&nbsp;nhưng lại đạt&nbsp;<strong>chuẩn qu&acirc;n đội MIL STD 810H</strong>, đem đến sự an to&agrave;n, chịu được va đập tốt nếu c&aacute;c bạn c&oacute; v&ocirc; t&igrave;nh l&agrave;m rơi rớt. Laptop c&oacute; khối lượng&nbsp;<strong>1.7 kg</strong>&nbsp;v&agrave; d&agrave;y&nbsp;<strong>19.9 mm</strong>&nbsp;n&ecirc;n khi cầm nắm vẫn cảm thấy thoải m&aacute;i, dễ chịu.</p>\r\n\r\n<p>&bull;&nbsp;M&agrave;n h&igrave;nh&nbsp;<strong>gập 180 độ</strong>&nbsp;kh&ocirc;ng chỉ tăng th&ecirc;m sự hiện đại, sang trọng m&agrave; c&ograve;n tăng th&ecirc;m năng suất c&ocirc;ng việc, cho bạn dễ d&agrave;ng chia sẻ g&oacute;c nh&igrave;n m&agrave;n h&igrave;nh với mọi người xung quanh. Tăng th&ecirc;m t&iacute;nh tiện lợi, hạn chế việc lộ th&ocirc;ng tin ra ngo&agrave;i với&nbsp;<strong>c&ocirc;ng tắc kh&oacute;a camera</strong>&nbsp;c&ugrave;ng&nbsp;<strong>bảo mật v&acirc;n tay</strong>, đem lại cảm gi&aacute;c an to&agrave;n cho người d&ugrave;ng khi sử dụng.</p>\r\n\r\n<p>&bull;&nbsp;Đa dạng cổng kết nối cho ph&eacute;p qu&aacute; tr&igrave;nh truyền xuất dữ liệu nhanh ch&oacute;ng, dễ d&agrave;ng: USB Type-C, USB 2.0, Jack tai nghe 3.5 mm, USB 3.2, HDMI.</p>\r\n', 1, '2024-05-14 15:32:14', 21, 3, 24, 7),
(91, '107334347', 'Smart Tivi Samsung 4K 65 inch UA65AU7002 ', 9350000, 1, '1715675633vi-vn-smart-samsung-4k-65-inch-ua65au7002-1.jpg', '<h3>C&ocirc;ng nghệ h&igrave;nh ảnh</h3>\r\n\r\n<p>-&nbsp;<a href=\"https://www.dienmayxanh.com/tivi-samsung?g=ultra-hd-4k\" target=\"_blank\" title=\"Xem thêm tivi Samsung 4K đang bán tại Điện máy XANH\">Độ ph&acirc;n giải 4K</a>&nbsp;với 3.840 x 2.160 điểm ảnh cho h&igrave;nh ảnh&nbsp;<strong>r&otilde; n&eacute;t gấp 4 lần&nbsp;</strong>độ ph&acirc;n giải Full HD.</p>\r\n\r\n<p>-&nbsp;<a href=\"https://www.dienmayxanh.com/kinh-nghiem-hay/cong-nghe-hinh-anh-tren-tivi-samsung-838738#bo-xu-ly-crystal-4k\" target=\"_blank\" title=\"Xem thêm bộ xử lý Crystal 4K\">Bộ xử l&yacute; Crystal 4K</a>&nbsp;c&oacute; khả năng điều chỉnh m&agrave;u sắc, tối ưu tỷ lệ tương phản v&agrave; dải m&agrave;u động một c&aacute;ch tự động để h&igrave;nh ảnh hiển thị đẹp mắt, sắc n&eacute;t.</p>\r\n\r\n<p>-&nbsp;<strong>C&ocirc;ng nghệ</strong>&nbsp;<strong>HDR10+</strong>&nbsp;cải tiến độ s&aacute;ng hiển thị khung h&igrave;nh chi tiết, c&oacute; chiều s&acirc;u trong khi kh&ocirc;ng l&agrave;m thay đổi c&aacute;c đặc t&iacute;nh gốc của h&igrave;nh.</p>\r\n\r\n<p>-&nbsp;<strong>PurColor&nbsp;</strong>với hệ m&agrave;u mở rộng mang đến c&aacute;c thước phim với m&agrave;u sắc rực rỡ, sinh động, xem nịnh mắt.&nbsp;</p>\r\n\r\n<p>-&nbsp;<a href=\"https://www.dienmayxanh.com/kinh-nghiem-hay/cong-nghe-hinh-anh-tren-tivi-samsung-838738#contrast-enhancer\" target=\"_blank\" title=\"Xem thêm công nghệ Contrast Enhancer\">C&ocirc;ng nghệ Contrast Enhancer</a>&nbsp;tăng độ tương phản, bao phủ l&ecirc;n m&agrave;n h&igrave;nh nhiều lớp s&aacute;ng tối cho mỗi vật thể, khu vực trong h&igrave;nh ảnh đều trở n&ecirc;n ch&acirc;n thực, chi tiết.</p>\r\n\r\n<p>-&nbsp;<strong>Motion Xcelerator&nbsp;</strong>tự động th&ecirc;m khung h&igrave;nh v&agrave;o nội dung ban đầu để c&aacute;c h&agrave;nh động trở n&ecirc;n r&otilde; r&agrave;ng, game thủ chơi game mượt m&agrave;, tận hưởng giải tr&iacute; với c&aacute;c tựa game y&ecirc;u th&iacute;ch thỏa m&atilde;n hơn.</p>\r\n\r\n<p>Mời bạn xem th&ecirc;m:<a href=\"https://www.dienmayxanh.com/kinh-nghiem-hay/diem-mat-nhung-do-phan-giai-pho-bien-hien-nay-tren-577178\" target=\"_blank\">&nbsp;Những độ ph&acirc;n giải m&agrave;n h&igrave;nh phổ biến hiện nay tr&ecirc;n tivi</a></p>\r\n', '<h3>C&ocirc;ng nghệ h&igrave;nh ảnh</h3>\r\n\r\n<p>-&nbsp;<a href=\"https://www.dienmayxanh.com/tivi-samsung?g=ultra-hd-4k\" target=\"_blank\" title=\"Xem thêm tivi Samsung 4K đang bán tại Điện máy XANH\">Độ ph&acirc;n giải 4K</a>&nbsp;với 3.840 x 2.160 điểm ảnh cho h&igrave;nh ảnh&nbsp;<strong>r&otilde; n&eacute;t gấp 4 lần&nbsp;</strong>độ ph&acirc;n giải Full HD.</p>\r\n\r\n<p>-&nbsp;<a href=\"https://www.dienmayxanh.com/kinh-nghiem-hay/cong-nghe-hinh-anh-tren-tivi-samsung-838738#bo-xu-ly-crystal-4k\" target=\"_blank\" title=\"Xem thêm bộ xử lý Crystal 4K\">Bộ xử l&yacute; Crystal 4K</a>&nbsp;c&oacute; khả năng điều chỉnh m&agrave;u sắc, tối ưu tỷ lệ tương phản v&agrave; dải m&agrave;u động một c&aacute;ch tự động để h&igrave;nh ảnh hiển thị đẹp mắt, sắc n&eacute;t.</p>\r\n\r\n<p>-&nbsp;<strong>C&ocirc;ng nghệ</strong>&nbsp;<strong>HDR10+</strong>&nbsp;cải tiến độ s&aacute;ng hiển thị khung h&igrave;nh chi tiết, c&oacute; chiều s&acirc;u trong khi kh&ocirc;ng l&agrave;m thay đổi c&aacute;c đặc t&iacute;nh gốc của h&igrave;nh.</p>\r\n\r\n<p>-&nbsp;<strong>PurColor&nbsp;</strong>với hệ m&agrave;u mở rộng mang đến c&aacute;c thước phim với m&agrave;u sắc rực rỡ, sinh động, xem nịnh mắt.&nbsp;</p>\r\n\r\n<p>-&nbsp;<a href=\"https://www.dienmayxanh.com/kinh-nghiem-hay/cong-nghe-hinh-anh-tren-tivi-samsung-838738#contrast-enhancer\" target=\"_blank\" title=\"Xem thêm công nghệ Contrast Enhancer\">C&ocirc;ng nghệ Contrast Enhancer</a>&nbsp;tăng độ tương phản, bao phủ l&ecirc;n m&agrave;n h&igrave;nh nhiều lớp s&aacute;ng tối cho mỗi vật thể, khu vực trong h&igrave;nh ảnh đều trở n&ecirc;n ch&acirc;n thực, chi tiết.</p>\r\n\r\n<p>-&nbsp;<strong>Motion Xcelerator&nbsp;</strong>tự động th&ecirc;m khung h&igrave;nh v&agrave;o nội dung ban đầu để c&aacute;c h&agrave;nh động trở n&ecirc;n r&otilde; r&agrave;ng, game thủ chơi game mượt m&agrave;, tận hưởng giải tr&iacute; với c&aacute;c tựa game y&ecirc;u th&iacute;ch thỏa m&atilde;n hơn.</p>\r\n\r\n<p>Mời bạn xem th&ecirc;m:<a href=\"https://www.dienmayxanh.com/kinh-nghiem-hay/diem-mat-nhung-do-phan-giai-pho-bien-hien-nay-tren-577178\" target=\"_blank\">&nbsp;Những độ ph&acirc;n giải m&agrave;n h&igrave;nh phổ biến hiện nay tr&ecirc;n tivi</a></p>\r\n', 1, '2024-05-14 15:33:53', 20, 3, 12, 7),
(92, '454784029', 'Smart Tivi Samsung 4K 65 inch UA65AU7002 ', 9350000, 1, '1715675649vi-vn-smart-samsung-4k-65-inch-ua65au7002-1.jpg', '<h3>C&ocirc;ng nghệ h&igrave;nh ảnh</h3>\r\n\r\n<p>-&nbsp;<a href=\"https://www.dienmayxanh.com/tivi-samsung?g=ultra-hd-4k\" target=\"_blank\" title=\"Xem thêm tivi Samsung 4K đang bán tại Điện máy XANH\">Độ ph&acirc;n giải 4K</a>&nbsp;với 3.840 x 2.160 điểm ảnh cho h&igrave;nh ảnh&nbsp;<strong>r&otilde; n&eacute;t gấp 4 lần&nbsp;</strong>độ ph&acirc;n giải Full HD.</p>\r\n\r\n<p>-&nbsp;<a href=\"https://www.dienmayxanh.com/kinh-nghiem-hay/cong-nghe-hinh-anh-tren-tivi-samsung-838738#bo-xu-ly-crystal-4k\" target=\"_blank\" title=\"Xem thêm bộ xử lý Crystal 4K\">Bộ xử l&yacute; Crystal 4K</a>&nbsp;c&oacute; khả năng điều chỉnh m&agrave;u sắc, tối ưu tỷ lệ tương phản v&agrave; dải m&agrave;u động một c&aacute;ch tự động để h&igrave;nh ảnh hiển thị đẹp mắt, sắc n&eacute;t.</p>\r\n\r\n<p>-&nbsp;<strong>C&ocirc;ng nghệ</strong>&nbsp;<strong>HDR10+</strong>&nbsp;cải tiến độ s&aacute;ng hiển thị khung h&igrave;nh chi tiết, c&oacute; chiều s&acirc;u trong khi kh&ocirc;ng l&agrave;m thay đổi c&aacute;c đặc t&iacute;nh gốc của h&igrave;nh.</p>\r\n\r\n<p>-&nbsp;<strong>PurColor&nbsp;</strong>với hệ m&agrave;u mở rộng mang đến c&aacute;c thước phim với m&agrave;u sắc rực rỡ, sinh động, xem nịnh mắt.&nbsp;</p>\r\n\r\n<p>-&nbsp;<a href=\"https://www.dienmayxanh.com/kinh-nghiem-hay/cong-nghe-hinh-anh-tren-tivi-samsung-838738#contrast-enhancer\" target=\"_blank\" title=\"Xem thêm công nghệ Contrast Enhancer\">C&ocirc;ng nghệ Contrast Enhancer</a>&nbsp;tăng độ tương phản, bao phủ l&ecirc;n m&agrave;n h&igrave;nh nhiều lớp s&aacute;ng tối cho mỗi vật thể, khu vực trong h&igrave;nh ảnh đều trở n&ecirc;n ch&acirc;n thực, chi tiết.</p>\r\n\r\n<p>-&nbsp;<strong>Motion Xcelerator&nbsp;</strong>tự động th&ecirc;m khung h&igrave;nh v&agrave;o nội dung ban đầu để c&aacute;c h&agrave;nh động trở n&ecirc;n r&otilde; r&agrave;ng, game thủ chơi game mượt m&agrave;, tận hưởng giải tr&iacute; với c&aacute;c tựa game y&ecirc;u th&iacute;ch thỏa m&atilde;n hơn.</p>\r\n\r\n<p>Mời bạn xem th&ecirc;m:<a href=\"https://www.dienmayxanh.com/kinh-nghiem-hay/diem-mat-nhung-do-phan-giai-pho-bien-hien-nay-tren-577178\" target=\"_blank\">&nbsp;Những độ ph&acirc;n giải m&agrave;n h&igrave;nh phổ biến hiện nay tr&ecirc;n tivi</a></p>\r\n', '<h3>C&ocirc;ng nghệ h&igrave;nh ảnh</h3>\r\n\r\n<p>-&nbsp;<a href=\"https://www.dienmayxanh.com/tivi-samsung?g=ultra-hd-4k\" target=\"_blank\" title=\"Xem thêm tivi Samsung 4K đang bán tại Điện máy XANH\">Độ ph&acirc;n giải 4K</a>&nbsp;với 3.840 x 2.160 điểm ảnh cho h&igrave;nh ảnh&nbsp;<strong>r&otilde; n&eacute;t gấp 4 lần&nbsp;</strong>độ ph&acirc;n giải Full HD.</p>\r\n\r\n<p>-&nbsp;<a href=\"https://www.dienmayxanh.com/kinh-nghiem-hay/cong-nghe-hinh-anh-tren-tivi-samsung-838738#bo-xu-ly-crystal-4k\" target=\"_blank\" title=\"Xem thêm bộ xử lý Crystal 4K\">Bộ xử l&yacute; Crystal 4K</a>&nbsp;c&oacute; khả năng điều chỉnh m&agrave;u sắc, tối ưu tỷ lệ tương phản v&agrave; dải m&agrave;u động một c&aacute;ch tự động để h&igrave;nh ảnh hiển thị đẹp mắt, sắc n&eacute;t.</p>\r\n\r\n<p>-&nbsp;<strong>C&ocirc;ng nghệ</strong>&nbsp;<strong>HDR10+</strong>&nbsp;cải tiến độ s&aacute;ng hiển thị khung h&igrave;nh chi tiết, c&oacute; chiều s&acirc;u trong khi kh&ocirc;ng l&agrave;m thay đổi c&aacute;c đặc t&iacute;nh gốc của h&igrave;nh.</p>\r\n\r\n<p>-&nbsp;<strong>PurColor&nbsp;</strong>với hệ m&agrave;u mở rộng mang đến c&aacute;c thước phim với m&agrave;u sắc rực rỡ, sinh động, xem nịnh mắt.&nbsp;</p>\r\n\r\n<p>-&nbsp;<a href=\"https://www.dienmayxanh.com/kinh-nghiem-hay/cong-nghe-hinh-anh-tren-tivi-samsung-838738#contrast-enhancer\" target=\"_blank\" title=\"Xem thêm công nghệ Contrast Enhancer\">C&ocirc;ng nghệ Contrast Enhancer</a>&nbsp;tăng độ tương phản, bao phủ l&ecirc;n m&agrave;n h&igrave;nh nhiều lớp s&aacute;ng tối cho mỗi vật thể, khu vực trong h&igrave;nh ảnh đều trở n&ecirc;n ch&acirc;n thực, chi tiết.</p>\r\n\r\n<p>-&nbsp;<strong>Motion Xcelerator&nbsp;</strong>tự động th&ecirc;m khung h&igrave;nh v&agrave;o nội dung ban đầu để c&aacute;c h&agrave;nh động trở n&ecirc;n r&otilde; r&agrave;ng, game thủ chơi game mượt m&agrave;, tận hưởng giải tr&iacute; với c&aacute;c tựa game y&ecirc;u th&iacute;ch thỏa m&atilde;n hơn.</p>\r\n\r\n<p>Mời bạn xem th&ecirc;m:<a href=\"https://www.dienmayxanh.com/kinh-nghiem-hay/diem-mat-nhung-do-phan-giai-pho-bien-hien-nay-tren-577178\" target=\"_blank\">&nbsp;Những độ ph&acirc;n giải m&agrave;n h&igrave;nh phổ biến hiện nay tr&ecirc;n tivi</a></p>\r\n', 1, '2024-05-14 15:34:09', 20, 3, 12, 7),
(93, '258813846', 'Quạt đứng Toshiba 5 cánh F-LSA10(W)VN 50W ', 2000000, 1, '1715675794quat-dung-toshiba-f-lsa10-w-vn-trang-090721-1129020.jpg', '<h3>C&oacute; 5 c&aacute;nh quạt đường k&iacute;nh d&agrave;i 40 cm, bao bởi lồng quạt c&oacute; đường k&iacute;nh 45 cm chắc chắn, an to&agrave;n</h3>\r\n\r\n<p>Thường xuy&ecirc;n vệ sinh lồng v&agrave; c&aacute;nh quạt, đảm bảo độ bền cho&nbsp;<a href=\"https://www.dienmayxanh.com/quat\" target=\"_blank\" title=\"Tham khảo quạt điện chất lượng,giá tốt có tại Điện máy XANH\">quạt</a>&nbsp;v&agrave; an to&agrave;n cho sức khỏe người sử dụng.</p>\r\n\r\n<h3>Quạt khởi động nhanh hơn, hoạt động &ecirc;m v&agrave; đều</h3>\r\n', '<h3>C&oacute; 5 c&aacute;nh quạt đường k&iacute;nh d&agrave;i 40 cm, bao bởi lồng quạt c&oacute; đường k&iacute;nh 45 cm chắc chắn, an to&agrave;n</h3>\r\n\r\n<p>Thường xuy&ecirc;n vệ sinh lồng v&agrave; c&aacute;nh quạt, đảm bảo độ bền cho&nbsp;<a href=\"https://www.dienmayxanh.com/quat\" target=\"_blank\" title=\"Tham khảo quạt điện chất lượng,giá tốt có tại Điện máy XANH\">quạt</a>&nbsp;v&agrave; an to&agrave;n cho sức khỏe người sử dụng.</p>\r\n\r\n<h3>Quạt khởi động nhanh hơn, hoạt động &ecirc;m v&agrave; đều</h3>\r\n', 1, '2024-05-14 15:36:34', 24, 3, 12, 7),
(94, '1201926553', 'Quạt đứng Toshiba 5 cánh F-LSA10(W)VN 50W ', 2000000, 1, '1715675807treo-asia-vy377990638211452114602827.jpg', '<h3>C&oacute; 5 c&aacute;nh quạt đường k&iacute;nh d&agrave;i 40 cm, bao bởi lồng quạt c&oacute; đường k&iacute;nh 45 cm chắc chắn, an to&agrave;n</h3>\r\n\r\n<p>Thường xuy&ecirc;n vệ sinh lồng v&agrave; c&aacute;nh quạt, đảm bảo độ bền cho&nbsp;<a href=\"https://www.dienmayxanh.com/quat\" target=\"_blank\" title=\"Tham khảo quạt điện chất lượng,giá tốt có tại Điện máy XANH\">quạt</a>&nbsp;v&agrave; an to&agrave;n cho sức khỏe người sử dụng.</p>\r\n\r\n<h3>Quạt khởi động nhanh hơn, hoạt động &ecirc;m v&agrave; đều</h3>\r\n', '<h3>C&oacute; 5 c&aacute;nh quạt đường k&iacute;nh d&agrave;i 40 cm, bao bởi lồng quạt c&oacute; đường k&iacute;nh 45 cm chắc chắn, an to&agrave;n</h3>\r\n\r\n<p>Thường xuy&ecirc;n vệ sinh lồng v&agrave; c&aacute;nh quạt, đảm bảo độ bền cho&nbsp;<a href=\"https://www.dienmayxanh.com/quat\" target=\"_blank\" title=\"Tham khảo quạt điện chất lượng,giá tốt có tại Điện máy XANH\">quạt</a>&nbsp;v&agrave; an to&agrave;n cho sức khỏe người sử dụng.</p>\r\n\r\n<h3>Quạt khởi động nhanh hơn, hoạt động &ecirc;m v&agrave; đều</h3>\r\n', 1, '2024-05-14 15:36:47', 24, 3, 12, 7),
(95, '1465272107', 'Quạt đứng Toshiba 5 cánh F-LSA10(W)VN 50W ', 2000000, 1, '1715675821quat-dung-toshiba-f-lsa10-w-vn-trang-090721-1129020.jpg', '<h3>C&oacute; 5 c&aacute;nh quạt đường k&iacute;nh d&agrave;i 40 cm, bao bởi lồng quạt c&oacute; đường k&iacute;nh 45 cm chắc chắn, an to&agrave;n</h3>\r\n\r\n<p>Thường xuy&ecirc;n vệ sinh lồng v&agrave; c&aacute;nh quạt, đảm bảo độ bền cho&nbsp;<a href=\"https://www.dienmayxanh.com/quat\" target=\"_blank\" title=\"Tham khảo quạt điện chất lượng,giá tốt có tại Điện máy XANH\">quạt</a>&nbsp;v&agrave; an to&agrave;n cho sức khỏe người sử dụng.</p>\r\n\r\n<h3>Quạt khởi động nhanh hơn, hoạt động &ecirc;m v&agrave; đều</h3>\r\n', '<h3>C&oacute; 5 c&aacute;nh quạt đường k&iacute;nh d&agrave;i 40 cm, bao bởi lồng quạt c&oacute; đường k&iacute;nh 45 cm chắc chắn, an to&agrave;n</h3>\r\n\r\n<p>Thường xuy&ecirc;n vệ sinh lồng v&agrave; c&aacute;nh quạt, đảm bảo độ bền cho&nbsp;<a href=\"https://www.dienmayxanh.com/quat\" target=\"_blank\" title=\"Tham khảo quạt điện chất lượng,giá tốt có tại Điện máy XANH\">quạt</a>&nbsp;v&agrave; an to&agrave;n cho sức khỏe người sử dụng.</p>\r\n\r\n<h3>Quạt khởi động nhanh hơn, hoạt động &ecirc;m v&agrave; đều</h3>\r\n', 1, '2024-05-14 15:37:01', 24, 3, 12, 7),
(96, '1931144617', 'Quạt đứng Toshiba 5 cánh F-LSA10(W)VN 50W ', 2000000, 1, '1715675833quat-dung-toshiba-f-lsa10-w-vn-trang-090721-1129020.jpg', '<h3>C&oacute; 5 c&aacute;nh quạt đường k&iacute;nh d&agrave;i 40 cm, bao bởi lồng quạt c&oacute; đường k&iacute;nh 45 cm chắc chắn, an to&agrave;n</h3>\r\n\r\n<p>Thường xuy&ecirc;n vệ sinh lồng v&agrave; c&aacute;nh quạt, đảm bảo độ bền cho&nbsp;<a href=\"https://www.dienmayxanh.com/quat\" target=\"_blank\" title=\"Tham khảo quạt điện chất lượng,giá tốt có tại Điện máy XANH\">quạt</a>&nbsp;v&agrave; an to&agrave;n cho sức khỏe người sử dụng.</p>\r\n\r\n<h3>Quạt khởi động nhanh hơn, hoạt động &ecirc;m v&agrave; đều</h3>\r\n', '<h3>C&oacute; 5 c&aacute;nh quạt đường k&iacute;nh d&agrave;i 40 cm, bao bởi lồng quạt c&oacute; đường k&iacute;nh 45 cm chắc chắn, an to&agrave;n</h3>\r\n\r\n<p>Thường xuy&ecirc;n vệ sinh lồng v&agrave; c&aacute;nh quạt, đảm bảo độ bền cho&nbsp;<a href=\"https://www.dienmayxanh.com/quat\" target=\"_blank\" title=\"Tham khảo quạt điện chất lượng,giá tốt có tại Điện máy XANH\">quạt</a>&nbsp;v&agrave; an to&agrave;n cho sức khỏe người sử dụng.</p>\r\n\r\n<h3>Quạt khởi động nhanh hơn, hoạt động &ecirc;m v&agrave; đều</h3>\r\n', 1, '2024-05-14 15:37:13', 24, 3, 12, 7);

-- --------------------------------------------------------

--
-- Table structure for table `tbl_admin`
--

CREATE TABLE `tbl_admin` (
  `id_admin` int(11) NOT NULL,
  `username` varchar(100) NOT NULL,
  `matkhau` varchar(30) NOT NULL,
  `email` varchar(255) NOT NULL,
  `phone` varchar(20) NOT NULL,
  `hinhanh` varchar(255) NOT NULL,
  `admin_status` int(11) NOT NULL
) ENGINE=InnoDB DEFAULT CHARSET=utf8mb4 COLLATE=utf8mb4_unicode_ci;

--
-- Dumping data for table `tbl_admin`
--

INSERT INTO `tbl_admin` (`id_admin`, `username`, `matkhau`, `email`, `phone`, `hinhanh`, `admin_status`) VALUES
(4, 'admin', '12345', 'admin@gmail.com', '0349814200', '16709856071670984501nu5.webp', 1),
(5, 'ngocqs', 'admin', 'ngocqs28122k@gmail.com', '0987657404', '1670986192thoitrang.jpg', 1);

-- --------------------------------------------------------

--
-- Table structure for table `user`
--

CREATE TABLE `user` (
  `id_user` int(11) NOT NULL,
  `username` varchar(100) NOT NULL,
  `email` varchar(150) NOT NULL,
  `diachi` varchar(255) NOT NULL,
  `phone` varchar(20) NOT NULL,
  `matkhau` varchar(30) NOT NULL,
  `nhaplaimatkhau` varchar(30) NOT NULL,
  `status_user` int(11) NOT NULL,
  `hinhanh` varchar(500) DEFAULT NULL
) ENGINE=InnoDB DEFAULT CHARSET=utf8mb4 COLLATE=utf8mb4_unicode_ci;

--
-- Dumping data for table `user`
--

INSERT INTO `user` (`id_user`, `username`, `email`, `diachi`, `phone`, `matkhau`, `nhaplaimatkhau`, `status_user`, `hinhanh`) VALUES
(24, 'Nguyễn Văn Ngọc', 'user@gmail.com', 'Nghệ An', '0349814200', '12345', '12345', 0, '171489290712404815.png'),
(25, 'Nguyễn Văn Ngọc', 'ngoc@gmail.com', 'Quế phong Nghệ An', '0349814200', '12345', '12345', 0, '171489694312404815.png'),
(26, 'Nguyễn Văn An', 'an@gmail.com', 'Nghi lộc Nghệ An', '00349811200', '12345', '12345', 0, '1715263789'),
(27, 'Nguyễn Văn An', 'an@gmail.com', 'Nghi lộc Nghệ An', '00349811200', '12345', '12345', 0, '1715263861');

--
-- Indexes for dumped tables
--

--
-- Indexes for table `banner`
--
ALTER TABLE `banner`
  ADD PRIMARY KEY (`id_banner`);

--
-- Indexes for table `brand`
--
ALTER TABLE `brand`
  ADD PRIMARY KEY (`id`);

--
-- Indexes for table `cart`
--
ALTER TABLE `cart`
  ADD PRIMARY KEY (`id`);

--
-- Indexes for table `category`
--
ALTER TABLE `category`
  ADD PRIMARY KEY (`id_danhmuc`);

--
-- Indexes for table `gallery`
--
ALTER TABLE `gallery`
  ADD PRIMARY KEY (`id`);

--
-- Indexes for table `orders`
--
ALTER TABLE `orders`
  ADD PRIMARY KEY (`id_dh`);

--
-- Indexes for table `order_detail`
--
ALTER TABLE `order_detail`
  ADD PRIMARY KEY (`id_order_detail`);

--
-- Indexes for table `origin`
--
ALTER TABLE `origin`
  ADD PRIMARY KEY (`id`);

--
-- Indexes for table `product`
--
ALTER TABLE `product`
  ADD PRIMARY KEY (`id_sp`);

--
-- Indexes for table `tbl_admin`
--
ALTER TABLE `tbl_admin`
  ADD PRIMARY KEY (`id_admin`),
  ADD UNIQUE KEY `id_admin` (`id_admin`,`username`,`matkhau`);

--
-- Indexes for table `user`
--
ALTER TABLE `user`
  ADD PRIMARY KEY (`id_user`);

--
-- AUTO_INCREMENT for dumped tables
--

--
-- AUTO_INCREMENT for table `banner`
--
ALTER TABLE `banner`
  MODIFY `id_banner` int(11) NOT NULL AUTO_INCREMENT;

--
-- AUTO_INCREMENT for table `brand`
--
ALTER TABLE `brand`
  MODIFY `id` int(11) NOT NULL AUTO_INCREMENT, AUTO_INCREMENT=4;

--
-- AUTO_INCREMENT for table `cart`
--
ALTER TABLE `cart`
  MODIFY `id` int(11) NOT NULL AUTO_INCREMENT, AUTO_INCREMENT=27;

--
-- AUTO_INCREMENT for table `category`
--
ALTER TABLE `category`
  MODIFY `id_danhmuc` int(11) NOT NULL AUTO_INCREMENT, AUTO_INCREMENT=26;

--
-- AUTO_INCREMENT for table `gallery`
--
ALTER TABLE `gallery`
  MODIFY `id` int(11) NOT NULL AUTO_INCREMENT, AUTO_INCREMENT=2;

--
-- AUTO_INCREMENT for table `orders`
--
ALTER TABLE `orders`
  MODIFY `id_dh` int(11) NOT NULL AUTO_INCREMENT, AUTO_INCREMENT=18;

--
-- AUTO_INCREMENT for table `order_detail`
--
ALTER TABLE `order_detail`
  MODIFY `id_order_detail` int(11) NOT NULL AUTO_INCREMENT, AUTO_INCREMENT=27;

--
-- AUTO_INCREMENT for table `origin`
--
ALTER TABLE `origin`
  MODIFY `id` int(11) NOT NULL AUTO_INCREMENT, AUTO_INCREMENT=8;

--
-- AUTO_INCREMENT for table `product`
--
ALTER TABLE `product`
  MODIFY `id_sp` int(11) NOT NULL AUTO_INCREMENT, AUTO_INCREMENT=98;

--
-- AUTO_INCREMENT for table `tbl_admin`
--
ALTER TABLE `tbl_admin`
  MODIFY `id_admin` int(11) NOT NULL AUTO_INCREMENT, AUTO_INCREMENT=6;

--
-- AUTO_INCREMENT for table `user`
--
ALTER TABLE `user`
  MODIFY `id_user` int(11) NOT NULL AUTO_INCREMENT, AUTO_INCREMENT=28;
COMMIT;

/*!40101 SET CHARACTER_SET_CLIENT=@OLD_CHARACTER_SET_CLIENT */;
/*!40101 SET CHARACTER_SET_RESULTS=@OLD_CHARACTER_SET_RESULTS */;
/*!40101 SET COLLATION_CONNECTION=@OLD_COLLATION_CONNECTION */;
